sample,x0,x1,x2,x3,x4,x5,x6,x7,x8,x9,x10,x11,x12,x13,x14,x15,x16,x17,x18,x19
0,0.39806909487367137,-0.6513289572538083,0.29023706439458885,-0.3595952268005258,-0.8062777540717141,0.6251565774082899,-0.6980009061351387,0.6887124344652649,-0.05597253746885955,-0.3173299709757633,-0.3502882189864389,-0.7932554750098622,0.5369281038000071,-0.9390865489501066,-0.33009856893763523,-0.553573910508955,0.6001968873052344,0.039665954839343875,0.28410459620596007,-0.46314678351572325
1,0.6699733411593918,-0.9286476491174969,0.9300490883361963,-0.5078519665027417,0.39163331599505824,0.10218582446683255,-0.17009071402217457,0.2958748019472819,0.6682269500045372,-0.198874486485638,0.7469888925959576,-0.7571492652900944,0.4077114731115874,0.7507754488423923,0.4127045409664776,0.07898321932278485,0.4201940284878092,0.46976633762317177,0.9990875660346712,-0.136797905183637
2,0.13105639124610802,0.4310515011847318,-0.4375505769547319,-0.8657059539580747,0.8435441288665715,0.5753293259129038,0.8551263273230643,0.620488010556413,0.8331476701705176,0.8483378424002523,-0.08672818651762748,0.6157402024684495,0.4811222679123752,0.16346334320384903,0.7811367872362058,-0.5927387808168796,-0.6749165767624992,0.023900982993079634,-0.8530558723973725,-0.19172466972394053
3,-0.13226646732017233,0.46586454176917225,-0.7524749024472959,0.2457839879811532,-0.6177771709037143,-0.09169530434687334,-0.39648786367416466,-0.8787300942310414,0.44628500650213887,0.2662517557263715,0.01905240766085714,0.5906712100868883,-0.20048959207787154,-0.29898497320351214,0.7514282548993856,-0.32623396781317715,0.7570050395845964,-0.792079168664622,-0.9768548487974551,-0.9581556271717586
4,0.19680125965442286,-0.6098633658765089,-0.7618541087475403,0.6550452535119791,-0.32219007650660925,0.4283253119834076,0.5300609917276369,0.7638433709457382,-0.2801210759756232,0.42760050938227057,-0.08202860461730355,-0.11973222720198495,-0.37246618172586965,0.871711124844085,0.1481998230209618,0.9748763108884935,0.7968628925117631,0.02595937303512663,-0.7232430622967403,-0.7809207206925752
5,-0.990483693085664,-0.7425619049925207,-0.7439984376874067,-0.628179531831957,0.015001499610591829,-0.7493887288414769,0.7253254200533463,0.9610097263698107,-0.314204526929061,-0.3220692032567849,-0.15697540987515324,-0.6043078419285024,-0.17372120410623038,0.7618622835544056,0.46486541790839886,-0.7124012812676728,0.16011520230089316,-0.1888385111888673,-0.4776533877731264,-0.11600459643039995
6,0.9383884088108889,-0.04911624920161084,-0.09993873088403649,-0.029376852464294334,0.42317315446596293,0.6982106717169121,0.4841419761920982,0.7884023086794274,0.4513808435488347,-0.06531416071402152,0.14711429833309975,0.8528436078201502,-0.7322502958839288,-0.06489129623321266,-0.4593681533529872,-0.27859651971921395,-0.45464965864771445,0.7223133010347345,-0.44797186814937584,0.9353150511476107
7,0.989760509306491,-0.6780835169103832,0.14821561074743062,-0.40365014996924264,-0.4084104951657912,-0.17266922397824724,-0.26621421066272366,-0.007522724761358068,-0.797665512378195,0.5577129149388451,-0.9178388156801545,-0.8149356451772072,0.7600496471242073,0.44234859810552285,0.7437702084618949,-0.5682786217467799,-0.2923707180480013,-0.005835339973538911,-0.3289186910310966,0.5677278269712454
8,0.6318828292590195,-0.6221878083853118,0.11806210674565487,0.6559789124477815,0.6140814847256217,0.7080139052236558,-0.38145792166046966,0.8035992589319436,0.1842364181556173,0.7218264725063881,-0.0028560854546213488,0.8290909008561163,-0.8337623460253718,-0.4808258938146215,-0.9740782234904994,0.019636465403552128,-0.6772209060199621,0.2383263796874433,0.08142032132453325,0.14519466283407412
9,0.4031112192147084,-0.8888880221201023,-0.6147666661054016,0.1921451302886863,-0.4254284280720735,-0.21690367868978733,0.9217973706866527,-0.6956895878684448,-0.3262794458078011,0.07717815162043262,0.6634873754654262,0.634015505866343,-0.5731036048658549,0.09067570416338255,0.5078764887229303,-0.8341812654233522,0.39287051421695374,0.13265848899716914,-0.9369658952237925,0.46831731105572194
10,0.43507335177509865,0.6243444918064003,0.267787700740592,-0.3097361226709481,-0.9561619785108677,-0.39753525238853915,0.7839397763353761,-0.8976157368278019,0.3194534143367349,-0.8959785435882737,0.20300526866348045,-0.8040392538221544,0.8701407595569233,-0.2368807519008742,-0.8984794290112437,0.944193484256693,-0.0796336601277079,0.6864817039778606,0.6786868576220741,0.043683432423526014
11,0.5792227280625739,0.4007052180365698,-0.7516040307630654,-0.5540122598879389,0.6450809165345184,0.33895060081097284,0.1723067344483875,-0.4182352040896822,0.9611127213184427,-0.7748840390362228,-0.8681288160446268,0.5828200278906925,-0.21130609177226778,-0.15445873504729013,0.8286176047363889,-0.9110962959608302,-0.9361008397824655,-0.23214222676781637,-0.4008340720417696,-0.19297020110336005
12,0.3468194562158329,-0.4563828687754221,-0.021492253943656836,-0.7551325491130279,-0.18078769302643694,0.5114446629512568,-0.760636998287822,-0.29862204142977444,-0.37701718250519045,0.25817042359232967,-0.1035212481293144,-0.7564255290058757,-0.3779236778199122,-0.6400886914755026,0.2603507023974274,-0.42116936440028097,-0.07075534869869826,-0.6384003824209188,-0.8978500560414391,0.6733007091156109
13,0.2006852386428284,-0.16557962169842,-0.84319711883092,-0.5022924597234182,-0.5093465349123136,0.03011885169259565,0.3654383578819176,-0.378531627620573,-0.5753750601204952,-0.32535842190567177,-0.34648952131128663,0.3507169341336924,-0.1646643263824008,0.6306596285741874,-0.5687146678974482,-0.292491699145601,-0.11385408003809072,-0.4955103260341571,-0.6725406883650178,0.2657178971433889
14,0.6239475436919892,-0.7103320345420878,-0.818415251755845,0.1888108574951357,0.5983076035583541,0.5527415620968752,-0.10305748269187709,0.18437748622635497,-0.8870764529281749,-0.49316098962160315,0.26056462270293057,0.28218836133502734,0.28233056626694997,-0.5794682924886174,0.7968032224823887,-0.7918198082571468,-0.2736889077805371,-0.49350815009950333,0.011563397326070035,0.01717526981745543
15,0.03968530842415241,-0.1183473856693007,-0.6034810988194503,-0.47937717252057555,0.38662954889320766,-0.12414069831872165,-0.1886237642673363,-0.855727098756045,-0.2792522998262108,-0.5814779944444088,0.4130007838628216,-0.2927234211723164,0.7621561112945159,0.6657441722429311,-0.23756342269715436,-0.25861376606068287,-0.9508034508196921,0.10759052011263304,0.18424511345035866,-0.5163932709884096
16,-0.31061121766055644,0.4446317814089462,-0.6984001452374213,0.4004818194651656,-0.7169815727862694,-0.8423908237161166,0.04941121469325971,-0.7708610471342519,0.10993089379673804,0.5928834258450015,0.45575618991440625,-0.4001802423206975,-0.6234103544971719,-0.4211444271343383,-0.23817824189313686,-0.2438066969452728,-0.7654686235918133,0.8531725060155149,-0.06010373700149185,0.601283476806372
17,-0.4091277566667664,-0.7673212256861037,0.10276181289574571,0.0805658492054766,-0.34700969846709584,0.6729554716996837,-0.025762467011158918,-0.5055490056043888,-0.5981048631366015,0.5864547340050128,-0.3119255466684667,-0.2442599278077644,-0.4778443771092147,0.7979613496408664,-0.18152078576613384,-0.8287915161183306,-0.0634587134834641,-0.6226764345512614,-0.03636474720542937,0.42578989887979857
18,-0.5237365191568917,-0.5823360319824891,0.027339543904192576,-0.759246515165245,0.508182206546588,-0.7986183062268273,0.3936053882588655,-0.23374826882368738,-0.9705535775763889,0.49455247382480527,-0.37202711012945655,0.252441904330279,0.9691092519565274,0.10077956269280897,-0.5769913637411477,-0.996000074941751,0.9818579046961415,-0.40853718251639926,-0.17125109908925618,0.06555314088963016
19,-0.06043791468196913,0.2669975488276819,0.700052484725668,0.8349402455102042,0.0157626959040571,0.06944410108773691,-0.42665570219430204,-0.5827900669866968,-0.14860773943340977,0.8697787958083749,0.9943049359746188,-0.1325806916723098,0.09956163904857918,-0.6755681937945472,-0.9553596204456722,0.012999682377139443,-0.1514557648679924,0.03209619747053272,-0.18255898475610577,-0.6037399524194471
20,0.47174824200925713,0.9663193473722236,0.7827347338738155,0.6026943943090717,-0.36769129381052235,0.11994106995489551,0.19598506751538514,0.9902484101883569,0.6073477981356044,0.06240445624140589,-0.8981712497737815,-0.3868999535735238,-0.7556344666352892,-0.9644217297811921,0.7649109619807126,0.9811955014652556,0.5850172808295202,0.6695025764909037,0.4859059907601895,0.7587696110736588
21,0.26961665459592044,-0.381607820389116,0.6464054131054113,-0.726035180657653,-0.058373041809216764,-0.2001210064735799,-0.35561998435519837,0.6408077336891616,0.8912513275358922,0.7530492129205362,-0.8321375507946622,-0.0317622023931472,0.8072112305192796,-0.5338833259408213,0.20174543392863287,0.20903154958317494,0.768079207454966,-0.3407115715364266,-0.42798352522168015,0.10393354426620038
22,-0.8654327401857607,-0.9242015279658586,0.9177189671846129,0.22211567489748463,0.3527712139552093,0.4227732383697227,-0.4330781065112368,-0.17587694352085403,0.07782912076756432,0.7823894978628536,-0.6288266944380942,-0.04996786567714451,-0.9539592316543379,0.5135079378892158,-0.6217973292247958,0.3318305234894008,0.8123356505426911,-0.7564331347497195,-0.5549657393544052,-0.19982146975098725
23,0.1671991120931111,0.2230614017514514,0.15194582929555311,-0.5422247861276666,-0.41540132218058456,0.8265964104980945,-0.977709840297023,0.09796432335937011,-0.6452770702181134,-0.754541745429367,-0.1838513694125179,-0.24872219384652938,-0.680450395372862,-0.5178389033218989,-0.26296105652746116,0.10324018549966518,-0.6323072020092786,0.4552146218908446,0.44647856419106113,0.1706504491030818
24,-0.17057972371801577,-0.5878587267614612,-0.7721793056989683,-0.060024985941793396,0.5003660425140157,0.833492661075734,0.06573106716362864,-0.6866931568565895,-0.30619645144746443,0.008125832044704628,0.2652479286224554,-0.8786856980662825,-0.014605656750832585,0.011043207723603565,-0.14957352048722328,-0.9778044275332143,0.9920265782251547,-0.7421102305940519,0.8639311334810902,0.5818256685421948
25,0.6493632256554149,-0.18058688700113956,0.6793539207659782,0.020265607266737318,-0.7403533663031991,-0.5357134968642439,-0.14219750018160515,-0.7183982556803885,-0.973799394784477,-0.7314772684598689,0.4234410492369092,0.0853124604944393,0.42835819644531736,-0.13333284414871005,-0.9695524908466167,-0.9805231337444364,0.4222909347844692,0.9841380468030392,-0.42269977629517186,-0.2408342813200297
26,0.7480282344478186,-0.1652868530837046,0.17610105334274384,-0.6403125895918789,0.7673284038046784,0.8282739966813395,0.0199493977727081,0.9381939706855202,-0.24018671579318918,0.8125333446665612,-0.3124038616631193,0.14630239583405502,-0.18215364922682986,-0.2847586720049986,0.6285158792602918,0.586817356635635,-0.8892390919562765,-0.4035105335417093,-0.036574642462833706,0.6757166227281002
27,0.2955704330031541,0.8059789268867994,-0.8068550185141432,-0.42155070259499294,0.07062500564263519,-0.23951772700333795,0.006261174020281812,0.6095932534500894,-0.867232338386668,-0.4204023742802543,-0.45463640847144093,-0.4997081484142041,0.6922868382111518,-0.16827245650634026,-0.6769874914420679,-0.6323916067961088,-0.9016486748431631,0.037461742018015665,-0.5038760024140976,-0.5764658466696815
28,0.18151507752269347,-0.347402552719422,0.19068980987759376,0.35832483691194517,-0.9361026993633572,0.3609533938695282,-0.11254106438283551,0.7857524479497642,-0.18882983965841582,-0.3323958909961702,0.05812433277974849,-0.34566265671069263,0.6006908981292309,-0.9457450017036564,0.035414362119320364,0.6201959121999607,-0.2698281134244376,-0.16539117360322808,-0.3962476473383916,0.6601128526224043
29,-0.5219959779903731,-0.8922953394027437,-0.3860479664885419,-0.4971014192079004,-0.7946785612365836,0.6294480371271405,-0.9244567467527807,-0.24281786695953333,0.10916965220000496,0.7481405799727872,-0.4089755873373533,0.43198678179059047,0.11261383239210243,-0.7425569650080517,0.03640907876515387,0.018059711983571702,0.847797341923042,0.7394703206510815,-0.009534506833230205,0.857542768099171
30,-0.6420167970265074,-0.49278175169240934,-0.7682659470941584,-0.6164968038747292,-0.3622501097086308,-0.19121067095103994,-0.731009251319213,0.6512286256467874,-0.219536509807555,0.8510662124552824,0.5299037518710523,-0.3659223563729477,0.6877911861779471,0.6985760472224083,-0.25275508174604955,-0.9113686083168382,0.17490559877437972,-0.8958233317357824,0.5151093775650064,0.7871809867758841
31,-0.821903284132637,-0.5807813549233283,-0.22268852576393616,0.698823229757344,-0.4764508849685247,0.8231937507974292,-0.07385220892389643,0.4672160576014901,0.09380529413380034,0.11406113738588286,-0.13822346755887982,0.0712865174410604,-0.7890459097295546,0.02031013883377586,0.3316306978447139,-0.793535051163599,0.10278207272669238,0.1562246983532598,0.9015098709034595,-0.18882646442309348
32,0.8513902053905826,-0.6427481711917737,-0.5754650948644116,0.9333855322781022,0.10212167993062127,0.20328409309560214,0.7009532689037823,-0.005450163702880317,-0.12580057316759352,0.8428670044333526,-0.8183499309615889,0.3954162399982386,0.8873035936257798,-0.8679428006761503,-0.6640007289250085,-0.8355113679618802,0.5544753294005402,0.28549165992015046,-0.016640620027113417,-0.9008628935224541
33,-0.7442248767679915,-0.05612898214767803,0.33101603039255156,-0.07555106373804499,-0.10009071195829589,0.41036008556754666,0.6515004345462057,-0.3248457108549816,-0.22912451380776022,0.20326938861188304,-0.5338850781062683,-0.15931959521032413,0.27794785936435873,0.06945805235491576,0.12612548680763425,0.7065819085512068,-0.5995952192197356,0.45973288267647483,0.4953315621950263,-0.8932534814500621
34,-0.38815916223279046,0.13119781540369924,-0.8652414483440329,-0.4412615401639568,0.6557603084277848,-0.9022704139957529,-0.12667979970408538,0.33072959857119444,0.07710538202248585,0.6325244157922822,-0.4915833672459047,0.3173893204190634,-0.9967831601753714,0.5469445140887159,0.5563003890911984,0.43966906529590943,-0.7939144551094408,0.824709498086537,-0.8366085284043958,0.22902955158416605
35,0.1470928139552612,-0.40337357708085686,0.8243366127030856,-0.21146537989779968,-0.24026139274305391,0.3058370152149157,0.8197332692431882,-0.9152947954098234,-0.3986780481221175,0.27279400276411425,0.48382671086960105,-0.9296061990481244,-0.5589975555634934,0.896460516736324,-0.9597163596250244,0.7678189081336173,-0.7179643891135585,0.8763116625850962,-0.9757619473314159,-0.5063535029687674
36,-0.2871848730648052,0.3267875179071349,0.7843276758306901,-0.9060752910748155,-0.3268180213632226,0.8696988813228836,-0.6899961613686612,-0.332465863299626,-0.8168701243844538,0.9714202331728279,-0.897478916018368,-0.5145997161673639,-0.01412896197295499,0.9107523246268392,-0.06620529514486462,0.6329693200025996,-0.6248112102308396,-0.2984634864523883,-0.5984021042956453,-0.18986515561923034
37,0.8743923423114961,0.7404603300162147,0.8747145744242186,-0.25690110028123536,0.6284824249452168,-0.6377996856335719,0.555797083477841,-0.4427308821892586,-0.6602978301255951,-0.5571396999660165,-0.0778533218483628,0.9666876367394817,-0.5217776795014983,0.2423834514346488,0.6303616150847338,0.7115488999238604,-0.3878651390677226,-0.9361004635322578,0.7073428654306966,0.11714270607847221
38,0.5347392781559128,-0.6379125806416359,0.8952528812334257,-0.6088375472257246,-0.5840725223398042,-0.2052224610031652,0.6162636784796012,0.0349966949566205,-0.36193460723104476,-0.398110018025831,-0.6121401663230976,-0.16646774595331126,0.8093563727831485,0.18794018491767317,-0.6287784765488156,-0.19981135751484258,0.14915245911131603,0.8724638173906389,0.7930811879398321,0.6155615321182801
39,0.727616376051033,-0.5830409027147174,-0.39953497330411425,-0.16648610238579398,0.15286615002212667,-0.33924526648530295,0.5804663203485649,0.48756582674433946,-0.9251960165142974,-0.2760091625788488,0.8904046439610234,-0.585636173491725,0.38078013752771245,0.27371102903347544,0.07300945391013292,-0.8121922102200925,0.6433769944199215,0.9804440463246373,0.24169109371369113,-0.7423925923219847
40,0.687783397563138,0.6044541425767909,0.16510637020758345,-0.906382847855957,0.6630789149828138,0.3785792654667397,0.681838021601437,0.2889186457267705,-0.4107101180474988,-0.6191860713118518,0.7996302186522848,-0.3074693965983788,-0.6260457395652175,0.025876693017705232,0.6832361487586063,0.24625023120890677,-0.08995779222935685,-0.28808869489435995,-0.3500685935896215,0.8652182790203258
41,0.04259813048383676,-0.5754976221910066,0.9167592983845505,0.7499638785576694,0.6553395899890047,0.07949173544849586,0.5513035095531889,0.3486693173894442,0.07722844874297485,0.18931357909831825,-0.6898421868243239,0.7978428256886909,-0.8211339360802725,-0.6713547992382727,0.672805873451837,-0.228953776143223,-0.9930305221841702,0.9593961095329941,-0.8698412903110881,0.36550099226629396
42,0.1957379081791124,0.059701109074442815,0.27802940645718643,0.33543973024374396,-0.8644965070140731,0.4104989144223101,0.15850835480541292,0.781338506686635,0.14245214488042546,0.3392294517989156,-0.9963335248375,0.9275747083758492,0.7789056078004313,0.051669643464934856,0.907878538197767,-0.5654208832644121,-0.7503109888017208,0.1014579676497882,-0.4827942979714601,-0.3594306203141897
43,0.5161172866268182,0.4086178782064831,0.9848639843306839,0.6642004719359282,-0.8734103033788536,0.011216797886919094,-0.08450147976141653,0.3964786539572178,-0.6029279906687395,0.7290114098635629,0.1651252777452763,-0.067336902308891,0.1503088367141996,0.30669229568436207,-0.9697493600728697,0.42364830689242505,0.7982142495871953,0.7225684258197238,-0.2640706387422187,0.21157669375869848
44,0.8212954551381773,-0.5311518688207171,-0.6379949305001242,-0.42434075969980567,0.5392566772753509,-0.08173052007902748,0.35297340376378084,-0.6705350928754394,-0.22165593822914365,0.9713661174145596,0.4346574695298149,-0.09944737445580776,-0.18514552723990874,-0.09736823231526759,0.5956257496885846,0.3635544129452404,0.8335692625464586,0.8928367248912019,-0.08771587520795632,-0.7799249986910666
45,-0.23393492451891196,-0.6793460242235898,-0.8746861084022408,-0.7224028038374599,-0.012529121859521375,0.2761379484441693,0.2153045177549806,0.046959496739989115,0.20932829992153024,0.8042928046177644,0.44192185686544394,-0.12289062012673191,-0.2954130928184622,0.7239876413421538,-0.9800404881338718,-0.771127071170489,0.5814283488901246,0.3031508467837203,0.5831372972614417,0.2641765607168227
46,0.38193218714407884,0.8566241490118722,-0.5909310085094164,0.2516475324346834,0.02973665475587528,0.20877842346384456,0.06625130467727436,0.26903573349913845,0.6331354048040707,-0.8081369149517474,0.7004311925550466,0.2610740493273962,-0.12538366459786277,0.6459568256851522,0.24423663532536288,-0.11813428008652438,-0.6903971143628342,-0.08882183911061592,-0.02336182829933109,0.5767045081592108
47,-0.7204476386081435,-0.7839119744171601,-0.5730030985565824,-0.7622936452442401,-0.5774412400968512,-0.7491823297240288,0.16056975355373937,-0.31492082851732794,-0.5874567785362972,0.6618007888338611,0.03336667721176467,-0.30968751001916384,-0.8645443195665057,-0.47563105366002456,-0.13679851820020805,-0.09366921963681829,0.5150782277310488,0.5822333176687478,-0.7363740934593257,-0.8571186969325635
48,0.8381828624944658,-0.90784803817833,0.6320734835443171,0.9254443617658765,0.35862799835548476,-0.3206401527529079,0.5000650043573018,-0.6212014344170966,-0.7035906549759101,0.6043205980884769,-0.5916800252038896,0.5765835719289143,0.835414673592952,0.42525206424283835,0.5217824292690101,0.32306773490833174,0.6587365261468852,-0.4360967673058207,-0.42841422878613744,0.6580926498174462
49,0.898073556336284,-0.4923924383098499,-0.3179082691171491,-0.2878542508502231,0.8055615012606867,-0.10389971292013467,-0.899244495447518,0.7273939950085377,-0.16984476853545005,0.623323428564386,-0.20637570881881073,0.816022098366256,0.4404210470907248,0.5095737173462997,-0.8971454640907459,-0.5380804302475648,-0.7323952514234282,-0.33093883059284757,0.5443860778842093,-0.0662890245744332
50,0.6606895490208464,-0.6903911253819914,-0.4816981524549875,0.7317575710878861,0.5818806888331463,0.8778888153544631,0.23574548339551593,-0.8820091365794198,0.19748167724537002,0.7853151973272088,-0.21687815965534263,0.05742270050749121,-0.1009374719097127,0.9596860365027295,-0.24568836389190474,0.430561599029458,-0.4649261032880143,-0.18325129921976924,-0.06297611280047621,0.4800941849994431
51,-0.4349234158963782,0.19789106162913828,-0.34260226498339197,-0.24356156258605433,0.8998173117848904,0.6594394129146439,-0.07020584385738848,-0.9836632375029459,-0.799799450052167,0.36653840266314197,-0.902068913105166,0.09003937995120226,-0.20705201921689542,0.48025727812066643,0.7246708231690568,0.2629542716597659,-0.2692130063313496,-0.5278096617848986,0.9948167104273882,0.4372628119061204
52,-0.8832013727563661,-0.34526116102582605,0.9411955985767291,0.6634856698281553,0.8617616816605851,-0.3974649976582425,-0.3878889876467422,0.9758674698348313,-0.8713505988312413,0.7875303643043352,-0.7016896462070539,0.18703006313088633,0.9286361054375596,0.9771414877598055,-0.9392606461654203,-0.21877513688749772,-0.6362696766706888,-0.6334792030213392,-0.7819334727159206,-0.4554191401099612
53,-0.7941092175469997,-0.2682789271962611,-0.6179013284922581,0.5015906750345998,0.5569871693648931,-0.0749298949615953,-0.487729258279725,0.17411264520749392,0.24826115210770117,-0.2530871326762796,-0.43020277403948937,0.1970140767244779,-0.33842480149426435,0.8415495446369441,0.8277698552358179,0.6691139966918516,-0.05643424234149119,-0.8070633994814351,-0.894858841433342,-0.5272513119850752
54,-0.7180883841762669,0.7251279882104482,0.5166349210792083,-0.7170833584853338,0.9363759864044638,0.8442443236888799,0.4018642251180884,0.1561538553480677,0.036435676822794694,-0.43113695285354847,-0.7159042267657292,0.19137891630334125,0.67272858801785,0.0383457660844051,0.3374843533101426,0.41654757215998095,-0.09709141292652967,-0.9173411872215513,0.883084822803119,0.8298490324673946
55,0.890138641755734,0.36321439123413835,0.19471657221259697,-0.8671781767855542,0.5540247302368853,0.35887115729379193,-0.4735408872999394,0.31815119264246183,0.9076755350514425,-0.8711369800506765,0.946369213884227,-0.9325197562690342,0.40374519907208395,-0.3271748665943841,-0.9398912968449429,0.7612026551924611,-0.20772603111523757,-0.6750473321011381,0.7250689890160964,0.44634719630018305
56,0.43586334413885086,-0.07525851389906868,-0.10510928631443806,0.9018851675739175,-0.797847580522181,-0.8561778644696021,0.19540372810635476,0.50854524762737,0.9141046034952662,0.14206513973345447,-0.9726051526948569,0.33951676105247275,-0.6834657085739959,0.18429308108961728,0.4467810545280322,0.2909562779716346,0.15294803722818529,-0.921928299550032,0.6667949188547848,-0.9487338444827538
57,-0.5073840293666905,-0.1133265222174793,0.9883873356449353,0.5452099130245769,-0.3666947239918401,-0.13000667133797061,0.8862246392675526,-0.6216067404605645,-0.8563618474061794,0.9853997937063825,-0.5529759207174638,-0.7844780585639273,0.14557399252793823,0.49910396055651396,0.9261197325288393,-0.5990893361544769,0.6237767402282934,0.43628576841950095,-0.36976813247920104,-0.8712858597901862
58,0.971981319673684,-0.010514676169422366,0.008497541431178313,-0.1461449470289793,-0.3442748812068823,0.4864002893026109,-0.34863048110305006,0.940936922513383,0.7549083961513181,-0.05331530257217998,-0.29526703972945656,0.265401966217951,-0.8311562423177308,0.7466542478853808,-0.8295524949000372,-0.6607887764457008,0.8811508378280484,-0.7495520062876417,0.11853255283478337,-0.6911087729632202
59,0.22856913249024102,-0.31148414531295954,-0.10416675464628011,0.2577924434676626,-0.023693654784285867,0.706259957983258,-0.4906333526357094,0.2722708865225636,0.6140220982316951,0.3481159391604973,-0.24954903396691397,0.20292043750611977,0.19412028193249165,0.06259031565791706,-0.658820782096915,-0.17701698680769518,-0.8565486823026243,0.5626838052089842,0.21652228877198,0.9879136287860755
60,0.1943252942364504,-0.48842144278600896,0.4580582054584752,-0.40504850595557973,-0.16997882745548898,0.37429488277184264,0.014818701896531783,0.2595396941235746,0.4108407661093525,-0.5285671410212229,0.07833631775057981,0.5088013877428259,-0.533995995784561,-0.39233023778574494,0.2289497991685978,0.04974746785414741,-0.2653710972379344,-0.758986423535104,-0.6806033195697372,0.2830277487018704
61,0.16547139744378336,-0.4854785381388975,0.3915008197337255,-0.4400138505877298,-0.9365295584233779,-0.9814065047304823,0.7119663537008587,0.43518318313644855,-0.7270295045835771,-0.1461244975904561,-0.6337820718421252,-0.04952875143827029,-0.6439133806904378,0.397984360331052,0.24134906359421304,-0.4483833329353777,-0.7458669429700469,-0.5341982373388745,0.21642894731188345,0.7759169592816468
62,-0.324077584602261,0.7240599990998853,-0.2819707959709816,-0.09044862775043638,0.47861029468551086,-0.7458435159427341,0.02376689053946701,-0.6568423725280033,0.8364226485366439,-0.7692618781219476,-0.11082889325261447,0.9082616513886288,0.4233130169357673,-0.3198325010512082,0.7892866084541177,0.8749186895018461,-0.7444957290939822,0.9211096170032695,-0.06080348698507643,-0.3098073179442373
63,0.756635389603741,0.4996073078576091,-0.899907450517369,0.6054308253140093,0.747142833176967,-0.5915343346442505,0.45434633215143005,0.639677128622749,0.5188536027321151,0.09116137826172843,-0.5129491542140219,-0.449819439671753,-0.5371996071230898,-0.3030405946994108,-0.31862173348279144,0.8990034951337609,-0.1865883126883987,0.31339527544239765,0.2350850531149613,0.3655161920751433
64,-0.40129253694430567,0.45725320366583655,0.2796192375186828,0.4585253789392236,0.15572289957631336,-0.9641943956766523,-0.9989709581185444,-0.22974993590307125,0.22486480396352992,0.15181388208675362,0.03869035540989363,-0.701821881894626,0.7463516033342472,-0.28198513712753215,-0.5924477565685933,-0.19353452413327443,0.3124997430755143,0.27411935622355776,0.0951767033388824,-0.4184168656594338
65,0.33039967641424606,-0.0430388072116612,0.1140559998535291,0.36719381572780785,0.4935301140044228,-0.15969673871359213,-0.8592116975839339,0.5346056755624016,0.6058056378342167,-0.6529967818335978,-0.6651818593852239,0.41875779484255693,-0.8056833761404805,-0.5683160331495363,-0.5661478774467832,0.23193741011808466,-0.011136995377851289,-0.5473689034239622,0.6348057545973325,-0.9376670368953044
66,0.45826336142007396,-0.9944776259831836,-0.7421026517359379,0.8078817563517025,-0.6593813543583498,0.30576633118960084,-0.4118323265099679,0.9753402518949945,-0.24701316278218344,-0.8778927852358436,0.20994953167071584,0.46950486619839826,0.4754047895913214,-0.6799579483029201,-0.6644175104757852,0.7490512622121506,-0.9416568813235813,-0.13658283108546398,-0.7942577375596798,-0.18720027523797134
67,0.451695948504498,0.3159702191353597,-0.1522758252501908,-0.12197353249409337,0.26426580839760927,-0.3317470842796302,-0.8986042680724282,0.5920583634564833,0.38910501243645923,0.8977673696268733,0.5612151704846791,0.49951528097300835,-0.6625674260529721,0.5950483648449512,-0.6604144303117159,0.18939992613235956,-0.6949015663212532,-0.7736829724372636,0.6904937870709922,0.8620659971723292
68,0.43790316989873634,0.29477140130092705,-0.8001261287279755,0.4789227182865581,0.483144931642846,-0.015489891669510758,0.6835889791596443,0.246779707172192,-0.8937214805674574,0.045079508857143624,-0.7288721669302751,-0.5248608397075216,0.2621266855132449,-0.6514337381097703,-0.4115776140066607,-0.1044357471441002,0.27527537969350346,0.484633932070617,-0.25163780157914517,-0.2849951514287732
69,-0.9112219544120486,0.30505274668936067,-0.3892627323521298,-0.16687102934895348,-0.27420897841127356,0.4331600409058294,0.5827003129541892,0.6954125238501574,0.15132206328565823,-0.019842422305933693,0.24972457242631418,0.7657124839854015,0.016279093681214496,-0.38773990603548114,-0.5311289920581603,-0.0022585805988351026,0.06829234933350858,-0.011920337002890857,0.6691889135640472,0.4370497458964142
70,0.24789336733090162,0.28435866506682994,0.6246795976928328,0.8603138688450171,0.36217651274627993,-0.28079818786865074,0.6454529570484291,0.3287114247340228,-0.934805075640041,-0.5065926533855869,0.8659805513142016,0.9753943592272167,0.4388901665142846,-0.7401409449404586,-0.9604407722828288,0.6320906307034007,-0.2694428020414248,0.25478054764720204,-0.9891772018083496,-0.18387249698500607
71,-0.29948292425018597,0.44880163373850923,-0.19682992445170466,-0.7196730744943596,-0.3851432828085306,0.46970545677788267,-0.06597413638329708,-0.2887985774875568,-0.07808914862031746,-0.9906837823814614,0.5388905210455162,0.37916113510465355,0.9614155467038774,0.28300757790664943,0.17115046936163414,0.7616735341395475,0.7744462817710625,-0.7218344647994952,-0.40401645900453254,0.7348699486048693
72,-0.06107618033766915,0.5732894762992551,0.2606207829134568,-0.07664337478519578,-0.16665411450823076,0.8368259218211744,0.11552815238119152,-0.3035996668927996,-0.39151897605464403,0.9545941229795321,0.8563983139166924,-0.41240723398431856,0.5640265110253664,0.030337096454398527,0.26499106948338436,0.5716741179290472,-0.051294227929873815,0.9971646588957745,0.4427552069566145,0.17810766663497324
73,-0.835399471796014,0.3728828753148836,-0.46548006581478796,-0.37252708157761694,0.9304361320901824,-0.9319529489779701,-0.41800539531098835,-0.08448651445659339,-0.6402424291668425,-0.9099058830688269,0.1389619971167959,-0.2766690872805022,0.8061031619091366,-0.056655543075511794,-0.8166177910773267,-0.5637935393877065,0.8450534324571148,-0.3183010429143358,-0.7021779224100559,0.9685734463971214
74,0.8393664092938027,0.11788301752386743,0.6370178218730052,-0.30115959306217976,0.07670493685839896,0.04808369059093054,0.07684301482171985,-0.25339506621056174,-0.27739599834476825,-0.413683044847295,-0.8594974634646273,0.8150333712538496,0.7720422104051894,-0.9654069922335857,-0.8637704080073774,0.0335140747527054,-0.5537259802571493,-0.9527784261494237,0.9772601710272348,0.6421027837922304
75,0.995571578943643,0.4821180107629943,0.5931979273268522,-0.7567214974181784,-0.11743721339593849,-0.8553241034717847,0.39963225030731797,-0.3009041258143743,-0.1453689735173851,-0.7915823767299885,-0.3779806221498039,-0.3662645398807556,-0.9569594596395157,-0.3891230814332598,-0.8351375802182226,0.4448007160799847,0.779268271449733,0.38329726640958683,-0.33663992510888674,-0.852500233976873
76,-0.8052899777157227,-0.5647731509068461,-0.8375046233678018,0.8156112671508811,-0.8589073494003618,-0.9618658949033299,0.620529360131274,0.3178955656828173,-0.5306777128831874,0.3308016578634312,-0.28709625065434485,-0.3586756421411943,-0.0123102198859395,0.24637640695756757,0.9862114216364593,0.22799988113569314,-0.0719474062616543,-0.6048114103919735,0.9640090390235725,0.901626266363069
77,-0.43348348281564175,-0.288048993434352,0.4005907025924025,0.75816275664695,0.7633222374172475,0.1326412742702605,0.8271283280628969,0.7825324993315887,-0.2887654215290054,0.44982730786887215,-0.6525903376624218,0.32032681880972014,-0.4204105445896964,0.8132151724642158,-0.06337292773611614,0.1798903718400482,-0.11398382557209685,0.36327314349197937,0.7261567148784154,-0.6772256527550617
78,-0.26538412514823806,-0.603786964363555,-0.9460972888832058,-0.4703371469522377,-0.8252404070470816,-0.565822112975813,0.6516740412351598,0.5834293077553763,0.8578611471467805,0.866318356923194,0.8822977178650551,0.9031164330355532,-0.7226239635095479,-0.15015369265648393,0.26928816251019994,-0.03403924285007354,-0.08880518545138671,-0.43531796346156426,0.42728038483574693,0.8522239730653134
79,0.2629229493973886,-0.9634029390236649,-0.06875112436896758,-0.833969489859935,0.0566366130084448,-0.6358532834850648,0.4987268030217913,0.9662369110082707,0.848186229776652,0.6024390148778183,0.9418088419282433,0.7151073587500294,-0.24158492646552499,-0.38828248974019397,0.5843016564756833,0.07453273411128314,0.9967185094391287,0.6507656192212352,0.18742100830095287,0.6102385985074081
80,-0.01877936715562889,0.7390810860655932,0.5557025339696875,0.13525908514559015,0.3685411038079116,-0.9355219535855017,-0.7098283742595186,0.17481393032075476,-0.9141522085227771,-0.40608998848833333,0.13909644359753437,-0.2691522877448673,0.21744014010089585,-0.4886891045353139,-0.49358711584188386,-0.21419108027286082,-0.41327296219415155,-0.7389128231497355,0.4227977478613649,0.5925615932656174
81,-0.010712699372658507,-0.9644226443234063,0.7449543337893603,-0.266992121129233,-0.730815507817254,0.6762996461102586,-0.34383451098479134,0.6933601653567818,-0.9407462677867624,0.611113044533997,-0.4236897605403911,-0.6074706945027715,-0.7822676960304742,0.8975485033088488,-0.4062483965714374,-0.775952131555971,-0.25649008783335026,0.4188244781236148,-0.06369506371271516,0.2806284021617904
82,-0.7073753160974394,-0.858991072322044,0.807854972178695,0.9123331248260074,-0.36468770286503904,-0.05802705142214304,0.2337644902953322,0.743652554115904,0.7815745021912459,0.19876832211455042,-0.11250790739826577,-0.6118080721831063,0.9228470572242944,0.2856995410329033,0.3647126474272884,-0.8172173428817417,-0.827271041081939,0.06162756011991677,0.4516066174506683,-0.14348391339345135
83,0.15905125637647943,0.01944387363523048,-0.6673942756037718,-0.5077419171035515,-0.3577350538389781,-0.36494400679436567,-0.8490841572815346,-0.35283104797227804,-0.8536295485455345,-0.42393221982403784,0.17397097291352037,-0.6357027567469964,-0.9863995828700229,-0.18748411828831912,0.31290967937038094,-0.9216894568768514,-0.9315193527588836,-0.16639000100082968,-0.4944645524206559,-0.2480462725892396
84,-0.743098784351206,-0.5273688678223689,0.564383941515016,-0.054222026045290805,-0.5770022911550172,-0.05274858591275211,-0.16450692546711543,-0.819448238166941,-0.8932685690703377,0.1555182525141563,-0.2893122524370215,-0.7729732328496624,0.41489438436129444,0.8610611778159534,0.5447770184967005,-0.33240906279009863,-0.34438333680468114,-0.9236848817255858,0.004270504723613566,-0.3171100346355289
85,0.18652838613799894,-0.4332726147933543,0.7833711038744633,0.2839386761184779,-0.8892032047348115,0.2290803913857702,0.09075800365496844,-0.3906151457566971,0.5866448801404067,-0.10461511597144302,-0.2774321189218787,0.060242045730882765,0.40401680956970987,0.48406974894001364,-0.8221161100991414,0.4330585117591741,-0.6279688116887072,0.8748464085732301,-0.8838513414064753,-0.2964924042959096
86,0.43819519472779556,0.5338486162779708,0.6735595310417299,-0.8416053743132723,0.3951897026607909,0.7083337583218372,0.7487241748114333,0.16348877483318214,-0.19981906682625517,0.5093245889654514,0.23788931861275286,-0.918482744939803,0.5307431042400523,-0.2477850252014171,0.0004893747626815159,0.21783977050291536,0.1963968340719997,-0.5699000460970347,-0.7705080905612975,0.4574060409020335
87,0.8387906430093512,-0.2459770885427921,-0.21654807238037033,-0.41760627477083156,0.468267397025538,-0.5820873866693543,0.09633546459239817,-0.17452481082084015,-0.6224353397320159,-0.08448673954092856,-0.8866727620635118,-0.032643392251513914,0.09748130543473987,0.563929479078537,0.8097604453881895,0.2947583618035605,-0.6326662556552203,0.4735627538193736,0.5994424751274727,0.12659652362744267
88,0.6039987760338312,0.9456774866051934,-0.7995764706520481,-0.3427060044264636,0.43941994641927473,-0.07985633707905082,-0.6079757153274679,0.2430158544106864,-0.9674089061058113,-0.3059131339933321,0.21387084970004078,0.8085292687743557,-0.4198623687955927,0.914884277467868,0.5890001049124032,0.3573127685120143,0.9811668241160028,-0.8728417097518659,-0.4929443887536873,-0.3880742091616094
89,0.19568133228614903,-0.18138377966400565,-0.46735140819501253,0.6647949499928132,-0.22028227143229318,-0.40702760925242276,-0.751999222764516,0.5711140253102622,0.7173932435188577,-0.9573544342821572,-0.4350855548988404,-0.27850958253137637,-0.4422401680924726,-0.5392561956659134,-0.4107160548324562,0.5035633901700758,0.2438892095782923,0.13047509543703595,-0.3582289498201101,-0.9015332289894942
90,-0.5861023526504534,0.2560314393342289,0.3330948488952872,0.005906647992239167,-0.9763659620426626,0.31073311222829214,0.47679122597022316,-0.7602152660286468,-0.7060534441050714,-0.1537338376707338,0.46432947463209007,0.5479017872279923,-0.7223204540525183,0.11502359514458105,0.2812645245108878,-0.6708740920017782,0.6703861912358609,0.4840542284781453,0.5322020305092203,0.047849733054397214
91,-0.9022986459173035,-0.7961660521641103,0.15839465644947381,0.5019539509760178,-0.4045459227508694,-0.9442661707041284,0.9321446652491541,-0.6429132986203825,0.17553561185163868,-0.2418162302288296,-0.0515246685214219,-0.3060502852602198,0.9791407320879599,0.7395719936442406,-0.7392990615413617,0.13889861564320172,-0.6093892440445392,-0.4521691076982557,0.09948638953439026,0.40201331595378953
92,0.36143054199871383,0.2555173966648572,-0.9464541055447608,0.3483737344882385,0.1349909335866648,0.486468153996753,0.20182026956218868,-0.230534880119748,0.8900328495117109,-0.28505206511363834,-0.5080833427200215,-0.2334874068325412,0.7346050676161184,-0.6463371918040732,0.8739948919454452,0.6568732847280612,0.5170249692305566,0.3971261366768486,0.24078551079470345,0.2712747302698353
93,-0.6518826090179037,-0.6447000351594265,0.3983592631214714,-0.8816618385235238,-0.6476957626214253,-0.13240717953281278,-0.18662486332363315,0.5128020364907513,-0.5884966418775066,-0.31342857608794383,0.7157629609179712,0.06783215152323652,-0.5139316778282428,0.35490700288078014,-0.70791075658065,0.9566925704025611,-0.17478398404631124,-0.7094790522206549,0.13547350417278614,0.39940893876783523
94,0.5825640419685205,-0.5903591214763091,0.2950742523384564,-0.8992434960147326,0.06633957095356102,0.13482956633381704,-0.3714861046638671,0.8200538794262822,-0.4323528808180548,0.2661166092315581,0.5438309300325195,-0.16857644448831155,-0.22132908516039396,0.21573104649239982,-0.4623118523385672,-0.7232901234410944,-0.8420807405857602,-0.9299928036429199,-0.24938597569856547,-0.633209894503755
95,-0.669769717893788,0.6705201456168981,-0.70438486025396,0.5478232102559175,-0.8345569368466028,0.30455217602744855,-0.3654491535665654,0.3082210327848305,0.4128122798263032,-0.19738338232508257,-0.46056192546489116,-0.4286023132169732,0.7189562836836851,0.1041515025330404,0.5363477531885539,0.6800156370716182,-0.2922087355611287,-0.2752253276648051,0.5858138275000058,0.3201595552082461
96,0.7975850145357122,-0.06929958349967635,-0.7946510527871491,-0.174611075497352,0.9397690580885445,-0.7321865191689501,-0.98148453103752,-0.9126147944448131,-0.43148254039262035,-0.555603350148971,0.35022762258034734,0.7418432982669978,-0.723458169414861,0.2326747431908951,-0.5539398718211872,-0.7598222665082792,-0.9973798511171523,0.03403959990180039,-0.6760765452117481,-0.12473332648564672
97,-0.48038283302483054,-0.5076180373175374,-0.6489197279714796,-0.4426196861199354,-0.21120044507453106,-0.696952172115817,0.05103408316060487,0.12162134062084329,-0.3365891509083194,-0.447973737409348,0.4784475829189445,0.9527095236401681,0.029870189961828553,0.3816965095088183,0.2539436246279525,-0.12872691610781573,-0.5724612800906808,-0.4482006011525841,-0.9182834048471658,-0.34998950849961696
98,0.6024972291066639,0.4191567916977359,0.39007166597638565,-0.24247473328832014,0.019980551708913108,0.1845224614993286,-0.8160630134793541,0.41401809056279126,0.10882340491935216,0.14138159709746434,0.33412545858433496,0.244190318715233,-0.5506214167442773,0.13145653133274826,0.30885836058884863,-0.06703175218626956,-0.14124909268239705,-0.5578780101723408,0.9641899159528318,-0.7746981052628954
99,-0.018865439630239456,-0.9563373130906603,-0.18442697630785787,0.45172641380939527,0.34618308284770083,-0.2989127634822506,-0.755078393817529,0.7614444351417686,-0.15918462149218127,-0.7719659333192146,-0.8977050852319348,0.5986378589207824,0.9910457072378123,-0.8688872604360531,-0.43388579274059613,0.9283244030389359,-0.9493074193230331,0.36831522464082544,0.9555596066471186,-0.18599433291102296
100,-0.4039611003911996,0.7526421938605132,-0.6328834676860848,0.7283292719770935,-0.47700567567588426,0.4761982956310218,0.0764949038688234,-0.22340610751499423,0.8224139230071874,0.6312392949472294,0.4945336381770211,-0.3626544206661275,-0.9303106718869678,-0.5263710618910176,-0.6278860419132264,0.6690669350022322,-0.7685100105769773,0.8352474850855527,-0.09913930989990694,0.6974741389821344
101,0.3347600060138136,0.5274751092327632,-0.28344886358611543,0.2977154135183586,0.28503337090499126,-0.5335871236770178,-0.0808141315662636,0.010898564866605787,0.19456568861259327,-0.49565936804569377,0.06775274365041328,-0.6824368470511553,-0.7444352406612451,0.5332663289234116,-0.7715935446528326,0.03264528651998155,0.5995447892719417,0.3485418069482853,0.6189666544785117,-0.04276603434697779
102,-0.1971406178289501,0.661234344536255,0.21752923286302495,-0.9155136474855816,0.19583835192212007,-0.9850739811315052,-0.768994635280962,0.3369105532294796,-0.6944304887418289,0.8720604775516563,0.43021531781445255,-0.4685617311800532,0.9841786293675372,-0.8342865324193691,0.718215362752634,-0.3946567670722054,0.22897228359563182,-0.12248412619027271,-0.9375623765814307,0.5704825276844361
103,-0.8480518845650646,-0.3645877683174148,-0.7215172488644097,0.5170692163453505,-0.2652298008112912,-0.26181390037041785,0.04019927234964604,-0.5997995643127787,0.3588448087403955,0.31013512882584315,0.5332972331819068,0.6759861993465826,-0.14481800952802093,0.8069874544516029,-0.21630479455506402,0.21999418959773487,-0.9047900092484642,-0.24024315622649617,0.7730897821282017,0.4748211741801869
104,0.25874958926647884,-0.8194999836379449,-0.20327029954338127,0.46249607063808096,0.579181251164294,-0.19282519732364145,0.7450591406001912,-0.7209638160929412,-0.3081109537646194,0.7318276582282532,-0.9162831471499668,0.4785736819857207,-0.6500498775449475,0.9481733024614638,-0.316907154561612,-0.858298276647858,-0.35111569882812943,0.6925878978761275,0.20521977660920498,0.1631859484054783
105,-0.9372334517725152,-0.7638125250411918,0.0030158432170088734,-0.7596612919320536,-0.09220609039084104,0.3737041368373377,0.8650499964239331,-0.33905850887322053,0.9340930277220276,0.4437727540300678,0.37363755625142137,-0.7476753396653386,0.6329303588065451,0.5989751887101313,0.06009060989258175,-0.7274118813518313,0.19769106500777545,-0.08899684587007028,0.5056040525250234,0.04678824802271575
106,-0.3649331188070499,-0.3939302263699509,0.835113546789259,-0.4583132597474122,0.3933844790910319,-0.11650654561112983,-0.0025404139914175783,0.09282239617958266,-0.8137387900728605,-0.3171408482982774,0.9871240438290128,0.42115857370286847,0.7148439707100975,0.636533058342931,-0.9299168021232782,0.769343831564969,0.4718250719720145,-0.43602730161891423,0.05652809794790148,0.6187874452724857
107,0.2583867570695868,-0.24980512595413784,0.09509542431243001,0.5872080351547844,0.788211160348085,0.81970738509987,-0.608684738827638,-0.7073786527544215,-0.5345412719540499,-0.23481597031528545,0.922989637102934,-0.31128765442538775,-0.3627310838513962,0.29454358089987576,-0.6850806118547681,0.8197617077377752,-0.06268434544454093,-0.9506252954185574,-0.2897591665751942,-0.28881720775582087
108,0.4655909725961207,-0.7001795110879498,-0.3992526542755537,-0.22212554188870515,0.17954957690873297,0.46533895182794693,-0.46303330960933886,-0.7772219745211264,0.08908641258898631,0.16328553563452175,0.08564818088858583,-0.1445762035252367,0.39003604793404945,0.03961726510245778,0.5112150786687046,0.970185247196794,-0.8492966656437273,-0.43662694382761913,-0.48334154271320506,0.6030102676739837
109,0.8854461429211438,-0.9313025539016886,0.6010925478507199,0.6283787153246647,-0.6499488171984944,-0.958343956609712,0.6794134799785656,-0.7545978903747419,-0.5298098250797052,-0.835888740203973,0.8728690456915202,0.32445361340921663,-0.48829883752923786,-0.35773081647786453,-0.20288346120740908,0.576098600977407,-0.8605313170381756,-0.46342853088723635,0.41457079617772186,-0.158438771785415
110,0.24124284273013252,0.4942508436843678,-0.6773327434769283,0.37993938228909974,-0.3518857617208113,0.351639489045541,-0.8128025921555955,-0.9919885025868,-0.3487863822954367,0.20664830553257274,0.11164507688317382,-0.29227934211009465,0.8671077129633087,0.974387532827532,0.8280164446842413,-0.8236362874090684,-0.8990815954389584,-0.6135490199614235,-0.10799028820480716,0.7798132912913498
111,0.08884929538000863,0.12707606536962657,0.04751459254627699,0.6904735123319006,0.7555814253723199,0.9484795225817009,-0.8501707626402113,-0.28785085105250796,-0.7393613075305103,-0.9569653229317432,-0.6935775405567806,0.6768269659929549,0.6617216456676998,-0.4836772621840715,-0.1144410913446503,-0.7146949895559496,0.6511910251497708,0.29528683346461126,-0.8859239735136568,0.9647164853907491
112,-0.24615135880511563,0.5536192119525369,0.729797552376283,-0.396211712643173,0.42278965148292635,0.3111351404582574,0.32425538891999195,0.30750060091644693,0.5294336701510753,-0.28715761530559814,0.42894955535966406,0.6986009301446889,-0.2518640967824666,-0.9766724859622029,-0.2327487058830815,0.07163520370404153,0.9032374864281489,-0.1687949856878579,-0.739130511199777,0.9058245982623996
113,0.5231235502566545,0.7983815588238694,-0.8217632804667419,0.8161248290545744,-0.4382142140577001,0.46312976448316046,-0.2604105177201519,0.4798338466822678,-0.6789305358596773,-0.3091585538375017,-0.6001783217927903,-0.49743845317100255,-0.35291451360147064,0.8565475909740159,-0.7681845137148682,0.8575523526429887,-0.28462592959923017,-0.3292061190046751,-0.6708978771999936,0.2776749811133574
114,-0.8187583125052917,0.14348820036837884,-0.8683586536768446,-0.4127305044967986,-0.41851439121178546,-0.7636685156053431,0.7100582603007004,0.33802045367040834,0.8913242774934274,-0.2525023894641656,-0.6955599500540499,-0.722402711854929,0.4382988363033691,-0.022564672408594166,-0.9221794667995802,0.7605946142952467,0.8052331730776601,-0.635562761845206,-0.2712898449026897,0.9447301510874455
115,-0.5986026615107523,-0.011006191229622653,-0.7414764973504675,-0.8886860704975577,-0.8347194284516706,0.021756271055334286,0.06452312995101162,0.19480944337546235,0.48652210153686437,0.4009719592049623,-0.44419207072861133,0.8377685629146729,0.517588050199687,-0.7469697522199248,-0.7386982070542722,0.6928588831533624,0.9969992921538862,0.9229132805098172,-0.21782274286046976,-0.2621157014609694
116,-0.6131248417899156,0.05345367938250023,0.29606037706565824,-0.09438562599402056,-0.0011929634932019706,0.7430656839675447,-0.7679189304906922,-0.2005724988820956,-0.05271902322197897,0.6182227503318753,0.0991182548208156,-0.8733242945170594,-0.18002985425544904,0.6327415888931196,0.8675485725266723,-0.6860517628467449,-0.3779728849319097,-0.5666921973391676,0.9926220168981934,0.6213151666212713
117,0.15102138000477905,0.8008468404552067,-0.20763171680645076,-0.17951717648736754,0.5230636469598096,0.45268705612456706,-0.5728770392712643,-0.24643519400640557,-0.4769039380918847,0.09647780496197833,0.9715731497513753,-0.9379682548141288,-0.8479521034695625,-0.4064076480268537,-0.9627243855565975,0.7315525616362342,0.984871779099471,-0.9660491008966718,0.8517634146478141,-0.9181160601702407
118,0.18115337824240996,-0.0004720921637435538,-0.17787945300152952,-0.46850545041534475,0.9263280110885486,0.16638103019923167,-0.7277441984070971,-0.8251207280749804,-0.7113674556754008,-0.6989233852935031,0.12694510794400626,-0.1759812975678432,-0.17973621596074607,0.4369532964243057,-0.7777907053028037,0.00285655312777644,0.3139803988089096,-0.9146772411071451,-0.09053294745297058,-0.1850166811884293
119,-0.1451013339242586,-0.01687137623669055,0.26633010429506454,0.2246741075303602,0.3090919565178203,-0.9267593101552232,-0.7015546548797236,0.029086708768457425,0.6785985355293047,-0.44430814277186403,0.22626613252258054,0.28792809770010863,0.2734358474547329,-0.29736820058211966,0.7042454491275314,0.07307117537938357,-0.8672474473722787,-0.5454161738360106,-0.009935224351604655,-0.30190238789726775
120,0.3115375194931944,0.012293895768560548,-0.9686759245309375,-0.5343503959647926,0.03523994313461554,-0.10954609978015206,0.5015617026242221,-0.30426587264170624,0.5167306467896491,0.4361128350545924,-0.11201869074361626,-0.6194795052750639,-0.5420273334966708,-0.7491068041742117,0.09692806781866947,0.5772297116580916,-0.08719055838182954,-0.12967207458396812,0.9290368037453662,-0.22375737780006788
121,0.404656073565971,0.614962180556327,0.9769802720725067,-0.7821216281896128,0.13687856192507986,0.47595762169900513,-0.8234546293478613,-0.35822247325143586,0.2403067685200173,-0.21574811126856153,-0.42871263435121265,-0.959290583951907,0.9711626573073469,0.7420264946911888,-0.7475915557389878,-0.5227725780087515,-0.8761887008147717,0.8913659036739727,0.1886008059720934,0.7834949584003348
122,-0.6005826358762729,0.770784425056428,-0.9673013292909327,-0.170995984777514,-0.8136711600480564,-0.7602827516114161,0.28247759260915073,0.3371513584264423,0.14677609059336127,0.4998215389252225,0.8476985798823546,0.32022794424370593,0.9118342303906848,0.006411650018049109,0.34807344666574624,-0.5425320021600484,0.8211271370123969,-0.8199838167111761,-0.013968888983659777,0.8837710865126964
123,-0.4500668481634196,0.4001712847427352,0.8719184275397158,-0.2641408504658638,0.8708834323783066,0.9147220371834468,0.4424944081124522,-0.10158449689535609,-0.28793036193518784,-0.2085111360742955,0.9422687401170973,0.8544059542682056,-0.7626356289508778,-0.0818221493017961,0.43493153199859913,0.7554322442357466,-0.7632211883237545,-0.8995382298143193,0.1779708515977032,-0.6099654058107262
124,0.1788766627263516,-0.3209867836076379,-0.20795454951898074,0.219475966031347,0.3327761794934776,-0.22739779251708092,-0.2381773861301275,-0.15741873195907363,0.08344215838475022,-0.38758231989173253,-0.6532976728094106,-0.4045277491876642,0.32711731240633757,-0.6550835592617521,-0.5492535116118125,0.8227467619636242,-0.15906173082871655,0.24365285602173925,0.4025975413691312,-0.9125519536815923
125,-0.4312256368227687,-0.6714683248402218,-0.6678000690118024,-0.8853384246701383,-0.347689005669793,0.32220683218737434,0.2296363910469983,-0.5686462533528183,0.7762865688961864,0.05480617818300426,-0.7130029552582706,-0.9863457066655834,0.17844379582678438,0.04608153619751798,-0.05786103121862873,0.31535932952587853,0.11908617405579314,-0.45846450117143256,0.8651039637776079,0.5635145974627833
126,-0.6179181055487866,-0.19145259941493453,0.2674747966600841,0.08924151038761563,0.477230444430516,-0.7913178423245306,-0.3232710730340067,0.02813637209404618,0.9878626476108263,-0.38145523117458247,-0.5423160232863686,-0.024182457605913532,-0.1609162441444194,-0.8238344757097738,-0.3753966878338908,-0.41722987365682784,0.9867638182133687,-0.32057500487418866,0.7546256909304014,-0.0025976199937098876
127,-0.39746331316173467,0.12149916100254599,-0.06161115712890397,-0.6767586788303288,0.8666567512766254,0.37682565157752546,-0.11623189905051445,0.3704597001106871,0.8152991181526237,-0.8648724571158262,-0.44564693413663625,0.8422549222331377,0.470261585137528,-0.382297358948694,-0.7869662026197768,-0.4387069481829964,0.9641926227463047,-0.991060560078505,0.19565125070335232,-0.179183284999876
128,-0.7580611499164978,-0.6719952757397774,0.21612093704946744,0.18983133140992825,0.4214198781262328,-0.5723482523994898,-0.42193134023872947,-0.43940387743106846,0.7504323771868517,-0.27200305009855974,-0.8540989204527925,0.9895074073667465,0.8236211224445245,-0.22165469733257925,0.14108097481145387,-0.6737948206120641,-0.4371152699952885,0.48140988633632364,-0.61892199079095,-0.15256745018553608
129,0.9146821437333699,-0.22564498448934311,-0.8483838070078433,-0.17857726843238586,-0.41859593337939405,-0.41477722225354463,0.7508922432864702,-0.09357436497809535,-0.6929526510786999,0.8839781685764243,-0.13650979084500392,-0.4645714461795849,-0.14986653420984974,-0.9742283966417793,0.28608900762959477,-0.6743763592389254,-0.10023544080125268,0.9945107188108846,-0.34898999252976215,0.9147499713995115
130,0.6299171487164981,0.16469156850284628,-0.937262063764541,-0.2821304472698585,-0.3872281361538459,-0.2748754757598548,-0.5000558928852865,0.4796084077953975,0.3317181759999557,-0.08634084759763527,-0.2318917384235719,0.9463794825991438,-0.19821902412504522,-0.192002456975791,0.5131244358024776,-0.24579628795711672,0.9044286383147735,0.41276086052301175,0.7200201238126922,0.24902358564006888
131,0.19843412602880628,0.7444678114992243,-0.5299580867767928,-0.558908121733817,0.8746978911908361,0.7703778084761179,0.6852530171989104,-0.6381803654971157,0.6297337568819403,-0.12501293988503104,0.5233600152957152,0.5612647044137933,-0.7217311580703718,0.5161484887264305,-0.6846435582923365,0.7478394583971459,-0.6572675599196458,0.5232740590203053,0.42745222337803335,-0.835985391639358
132,0.56266871432585,-0.49943183104994526,-0.6878624621591607,-0.8261436082890714,-0.45015369388127024,-0.9703586763981031,0.38265438452154354,0.35887112173257574,0.9568039034806615,-0.9191959388992084,-0.17986451199681674,0.890300619078455,0.27338045788879084,-0.3192579199432082,0.4695048157371553,0.548374484831154,0.33018687324461027,-0.6673273050699,-0.8355385580293002,0.3051905344256194
133,-0.6112026960936046,0.5163306842448439,0.511742382260701,-0.8494429137116575,0.24262026831612515,-0.05674114632675109,0.5289469895045935,-0.4112938913738884,0.6324626963640192,0.641488648447641,0.4429918172467202,-0.6506793266315911,0.13098852833521346,0.40351767932202565,-0.7537786791076686,0.16854865617419357,-0.5559545793779632,-0.7679884869428875,0.5111257169156362,-0.29202876702162794
134,-0.20729076006778802,-0.593302235054552,-0.25280699616193836,-0.015625879741339554,0.9711790907872802,0.09711620829978007,0.021148166924275014,-0.0044890156499386435,0.24646193012493178,-0.021134715898270207,0.29170442198191404,0.20671467507642927,0.9011227078921353,0.04572432630619461,-0.23460051052641284,0.3125258741924011,0.510060203577207,0.21047268696661492,-0.28859503080322857,0.30380920710186277
135,0.18663030966151162,0.06193293257968402,-0.9723727253592471,0.8940918770610466,0.378282198214247,-0.010276296973301458,0.8098414577701045,0.23929375408865194,0.19930754348431257,-0.3580038642896619,0.4957989899681938,-0.13370861978352422,-0.058674491814581176,-0.2589982681134908,-0.8498661417282891,0.6900708853869224,-0.836178805255984,0.32897394359584675,-0.9335968583164667,-0.8912279694610106
136,-0.31109036676356694,-0.6169844960203803,0.07037553358887139,0.8347620887063438,-0.5059677635255422,-0.6383828155077806,0.3173124133987659,0.9756381607723386,0.8436189056511136,-0.16044281526618032,-0.1836618848291114,0.8107182782698052,0.17993182344687186,-0.39258273669669075,-0.5781809270164875,-0.4259536330664391,0.577377389227735,-0.04682714785637532,-0.47051351409581477,-0.9470112559625063
137,-0.683528881778936,-0.06732891818979914,0.2718956024954797,-0.9405640349589603,-0.5128410016736831,-0.37691890762050684,-0.13817809857230245,0.9226534854540946,-0.7912966353098485,-0.30974307741365936,0.46077870529509757,0.8748011266865345,0.7412122652761022,0.8926766729789528,0.11682826410685032,0.9988351327543328,0.4315673503536077,0.9513842421772807,-0.987388869597922,0.9597400832930625
138,0.09873933134762036,0.335135698030987,0.7169194245371981,0.19697515489026052,-0.9885845151406523,-0.6515908733444593,0.7812691171343851,0.8813931835184459,-0.17966578608702033,0.9912818337555762,-0.23027062217219663,-0.3069733311707028,-0.8921639010835904,-0.5522535443408201,-0.9204094285383668,0.688020419363514,0.4592335889879604,-0.09722247002584039,0.12730568837691036,-0.18394701168209182
139,0.9508046825031549,0.24219451755603716,-0.5673641918840695,-0.6379100567098541,0.8588407060535685,-0.8182445014965276,0.09010351355706514,-0.6340149256592493,-0.683744118439993,-0.8264913270802967,0.9889907149348645,-0.6868920846894506,-0.5150564852887631,0.8653190429477609,0.4670194555207965,0.7194703408808034,0.9060396971463165,0.6134618347790677,0.30204388465631093,0.5877209233017793
140,-0.9802281416052672,0.7459242874753371,0.16584287792060448,-0.4574814967951166,0.42644532792098566,-0.8644817605816664,-0.8361628189597636,0.19370517984721647,-0.9642466810338777,-0.1458137088772664,0.9592298699336945,-0.20600654469663615,-0.1904824260405258,-0.6006124737070493,-0.8951610260687914,-0.1064427742803773,-0.9566840398388896,0.8481972065715664,0.19491627950970503,-0.999722408408596
141,0.09830390792612498,0.3534374800348441,0.12226213206947723,-0.026895779431516553,0.35809344953166145,-0.25606950870365863,-0.3788996200279888,0.6556856062293417,-0.10963189062192491,-0.2340096874095845,0.2627789069735802,-0.1335749136625437,-0.6503915824191091,0.504639198207032,0.841971755866892,0.7401047254517259,-0.7990889382763591,0.04880309429157492,-0.21860596852365832,0.9509820397072668
142,-0.38094203606855936,0.6437806240662307,-0.5521470732354252,-0.8613443297838586,0.17265742095470094,-0.6719798076159043,-0.8120633899154175,-0.4331336525952707,0.5240209577272656,0.9553409473796843,0.20617598097034429,-0.32588995972868173,0.8188031644575255,0.6670751555938974,-0.49361885111543113,0.761110679104412,-0.2958311371567124,0.5124663181821543,-0.9070608230462969,0.8307172168753363
143,-0.966021997384237,0.24148164987664877,-0.3103851828208808,0.834802838677809,-0.3799169710883572,0.644692957857665,0.9269307097607691,0.1901673480085262,-0.16646530963720552,0.6813948949874136,0.7370374167286213,0.07611554788781794,-0.6543564972028504,-0.6027678489027204,0.9400660476610623,0.9277243657266294,0.6414379502625454,0.7511422745812839,0.38124207774065977,-0.5051148973196353
144,-0.6254527521913678,-0.9964048149611475,-0.8867590310914699,0.17715819608686334,0.86460807373521,0.5462787669469582,-0.4171262297293732,-0.3072899492597678,-0.7912054071308359,-0.3173938883827203,0.829344084842248,-0.7460692658236765,-0.9561550736456972,-0.886189994162786,0.663072750825118,-0.9818923591806641,0.5841104344123897,-0.32617130211736534,-0.5583764702935989,0.28367489967873816
145,-0.426684305230266,-0.7155440336986689,0.390531630662567,0.01426498660639175,-0.06465680928298378,-0.6626840962741778,-0.8605870890342493,-0.982342123479458,-0.06883362949628302,0.7182748060258863,-0.6017729994381296,-0.01715811930965594,0.44799621993513994,0.8374488230576638,-0.5407601593189115,-0.7632094946132035,0.790001672833607,0.0020348505898113434,-0.013092878713186096,0.5882456037009154
146,0.18023808340344916,0.7045898435785354,0.7786544721292454,-0.5013360037441175,0.09232081587866325,0.6541956285454864,0.9278350607689421,-0.03460291550812222,-0.33518053365686207,-0.7068268339940831,0.3486338729447096,-0.5942643766399225,0.24338202303452916,0.6302165142169198,-0.6257884362119412,0.36980726233479255,0.7694615828315885,0.6085704144608648,0.3033744396091016,-0.3146256094037334
147,-0.5744634310338299,-0.8833612748287958,0.48796391091242897,0.9413899379009327,0.6991921697477328,0.40756234668862956,-0.8290982168949803,0.23746289130755982,-0.8780995459955396,-0.10554303084408256,0.26333735807665803,-0.9309151530419326,-0.17721304150418904,0.39250801834348836,0.09149055651614879,0.6739936074083075,0.9469553005002671,0.3876893359155451,-0.9496506477760178,-0.21737570997796452
148,0.23014048458453318,0.4463043788091978,-0.31065405997445983,0.7130263048973671,-0.31929633959206627,0.6194314259544103,0.6929133098574418,0.2224605874674348,0.10708016252142438,0.18774855040104677,0.0366244114990566,0.3049345059818984,-0.584221892804287,0.3853009202854587,-0.5716388993067922,-0.79706028247017,-0.5178165873806848,-0.9168491418922466,0.5034683294516582,-0.9486286320650648
149,0.4992691488312586,0.9083101700769305,-0.2470147319929128,0.14215117763819984,0.42129065368630103,-0.045452862546135675,-0.17996521650581032,0.13028677663548383,-0.11684584356125316,0.6477122103235649,-0.6020541360655978,0.06704762760130323,-0.9151987196389151,-0.6174984844426388,-0.46197962336568144,-0.09529791563901946,0.2737399284133035,-0.775373223700137,0.5593790001977448,-0.22959688108056708
150,-0.9363928673882045,-0.7948649181727896,0.9473729566276863,-0.8507545326324275,-0.8780404814541178,-0.9514379265168005,-0.25698771991428204,-0.11775648443240327,-0.3122367966295747,-0.49344787133639945,-0.6352992940565385,-0.3707453838217092,-0.2654955756703796,0.4418043963760496,0.2784922910750274,0.11574792279212143,-0.7572884078518012,-0.3897269850289178,-0.4699957765695475,-0.47393080527743425
151,0.7125353050218255,-0.31064769513298285,-0.199665221062568,0.12193005744446905,-0.07583547392773693,-0.6298831879956268,0.7760420448154661,0.7327617676303582,-0.28912812911602637,0.802198015732738,-0.2844649504695269,0.14484151406234735,-0.8210882917136926,0.17248683427010159,0.286364983257956,-0.3728514954243367,-0.07487393543885834,0.8638396834844941,0.7991882229293437,-0.23119901912497776
152,-0.1668008608697047,0.8752733610262722,-0.27624551386652807,-0.9548279672917106,0.9333173872439138,-0.7927195861046594,-0.8184151159485478,-0.0067494695774668045,-0.02667067614765828,-0.1405687090807295,0.7731028157783166,-0.2312820588487321,0.20477779036082544,-0.8137017397799975,0.42037278873619144,-0.8044801973706959,-0.23559090100196278,0.9084320309105376,0.8053518630634782,0.5067764427603081
153,-0.34306682368394137,0.26243781350669804,-0.22926773410054135,0.15478501978953152,0.38708073046863145,0.4142460343340324,-0.6258435168235801,-0.577480262752829,0.9366510292159897,0.5576632630157856,0.8207714349396205,0.0364933946652215,0.5658502075495171,-0.7557864288279177,0.40438713045791586,0.43572418953565295,-0.004284964165178762,0.6620752282894464,0.19907777085956102,0.3841887397953283
154,0.5845629728969781,-0.40986087654227954,-0.9847945586648681,0.9577989710664185,0.23426841502580897,-0.3245341141415985,-0.16904800504995743,-0.2840955776243739,0.38923238374428326,0.8101178278445935,0.5241552308207336,-0.318347036835688,0.9515165880283105,0.8054504252624453,-0.07540781270957408,0.668172356776636,-0.7613232332445565,0.679722007366941,0.6008357072149033,-0.23210791321676916
155,-0.29218221691365276,-0.5787339769005664,-0.3336849796212926,0.6247089076019539,0.07696093349383748,0.031927404393169434,0.7324736081159571,-0.22199426574982706,0.7274825596367362,0.5980201445818192,-0.5684890247139553,-0.924518947556457,-0.6366492853124703,-0.6358586965879689,0.7534757780314061,0.8757913347980872,-0.14742011780237907,-0.9599849737272064,-0.49673257895503586,0.4974315261158433
156,0.5377669866358661,0.42052292682425385,0.170611296380772,-0.3238783592829735,-0.9866140118689555,0.2658543725811502,-0.7111812225873646,-0.9599800936533263,0.26182616377134016,-0.2638467911819111,0.7155982230840776,0.5328151321408465,-0.5121913263365674,0.23592644696043275,-0.4395884698050243,0.754873446463644,0.42010785705633547,-0.46452220540954503,0.06811280284495758,-0.9088000965937542
157,0.5305931958882206,0.3475826086741194,0.5254776765574782,0.9383699103656085,0.18988530082963462,-0.8286851265780997,-0.6329497489377529,0.32092273087665624,-0.27526255536592137,-0.6388928120134894,0.5194755740943633,-0.2960467598961267,-0.8690945141550599,-0.15075631506742249,0.7015793965820474,0.014541356141650086,0.5712717228238828,-0.9823801018996114,-0.37972274225903235,-0.37666466933611575
158,-0.813933674473051,-0.15383862114507174,-0.9932976315188242,-0.6852513146479204,-0.9883814013846612,-0.5924449207183144,-0.3202309652909061,0.8321852786510213,-0.31246542556531476,0.677091759916959,0.2058576169727906,-0.10170812062156953,0.7407423994876243,0.42532576789492804,0.15190112676541934,-0.8532761232072874,0.7007228676375321,-0.8333909727439774,0.82364729510199,-0.14666868596977367
159,0.6639264817029742,0.0773455009766364,0.8159364711590966,-0.6439446291223996,-0.30771316907687396,0.9742598402575939,-0.4538414816281713,-0.6774264452639729,0.5177617504945009,-0.041052113686326,-0.39835157980349756,-0.7736652089045029,0.16322329148237102,-0.6053083924671319,0.5680825511038372,-0.314106707603504,-0.15314702665884639,-0.40287826248323433,0.45262122515797376,-0.9945379313907432
160,-0.9390784559629974,-0.8211377774111133,0.7988292322148132,0.6630262728067393,-0.23670865986445122,0.39046760361005073,0.18742578932888176,-0.1443807250998017,0.658693480255655,0.1333281595699931,0.17282604016083436,0.14009650913971639,0.7799678937727754,0.3313516316650478,0.5870325120146522,0.6008202584277782,0.8031883021414317,-0.7307236642126851,-0.009672757893019801,0.4497168503735829
161,0.34209082399677015,-0.9927007664923526,-0.009875867375639613,-0.002073409031936979,0.4114100549061883,0.4621285465190852,0.9909823436535323,0.44652783146311714,-0.6691645031983158,-0.6674497521864906,0.5191902058641238,0.12416881094781895,-0.862601582725899,0.12755462300552844,-0.6380019344183128,0.011973676857260696,0.8302280859598996,-0.07883398066022207,0.1689359359662419,-0.025263864612226072
162,0.044982805487530975,-0.6588604924562305,0.03413650902330634,0.22241413121899867,0.5049177864450041,-0.18673404360728618,0.31256326045881755,0.552506655056967,0.31769667388073053,-0.3075805974432544,-0.8352444892555333,-0.919401658040214,0.6742000939558273,0.2267793918236478,0.03547429533941049,0.2965234964587298,-0.6331094351621014,-0.9553606542186603,0.9820079456616233,-0.19887592058369918
163,0.6895386652874089,0.3883294880210999,-0.40485585150456593,-0.7064720631085568,0.9479601872957997,0.12264755204506894,-0.631682384430506,0.9258247919403673,-0.9084838989549842,-0.13442126553712375,0.018655983352266148,-0.3792443822544449,0.4020750365649639,-0.31032726666536914,0.12643960068074245,-0.15438764566121876,0.4543259302443383,0.0032440002289388925,0.20213502919875492,-0.7706354047482809
164,0.062126331772629495,-0.8787313829911774,-0.44050670460998065,-0.6250794377604163,0.24262856014559797,0.6716944537747913,0.971196339556009,0.5346013749026564,0.36301391903590097,0.1295054117761496,0.3900474229551585,-0.4025238878428319,-0.1728390148128378,-0.6700079674349122,0.5515944057861049,-0.7785399433296123,0.7862254167629157,0.9324877945756533,-0.42333021306957397,-0.9255175314833926
165,0.7589969993132253,-0.409342626543586,0.36534922825473304,-0.340504437897583,0.05451490335564446,-0.2607007769763774,0.5699577984225899,0.2086992912114809,-0.608140899014258,-0.4197455679660447,-0.6366587370519001,0.6288478298824933,0.06244372341748128,-0.8659198379411073,0.5461721339823828,0.9315645244169888,-0.1855684703592133,0.7802053305031891,-0.4437237947709247,0.6812196165209383
166,0.3858568009658374,0.6636682965576248,0.11097537910495481,-0.3850812853500343,0.9017455580465239,0.440713975146777,-0.07618278751135033,0.6410975041319511,-0.12092092282714018,-0.04266850897264174,0.9365582608913734,-0.3744387449600086,0.3958432269993277,0.751199221331464,0.33706757082932715,0.02547570863852555,0.1496526377903542,-0.9586692053509736,0.6801362028343241,0.998082197818434
167,0.9117205184179915,0.7273908968763916,0.2955567076624017,0.5262771256710226,-0.2583238116863007,0.2981103683448416,0.6808388411665258,-0.527376171750982,-0.1459221268891151,0.3411776228370691,-0.14966479722500403,0.8198559754344679,0.3969175317516318,-0.8647990565174608,0.6479783470371658,0.14310252212194152,0.033944930597582745,0.22139407415225643,0.7227571836430171,-0.9222070081427469
168,0.27255645505484827,0.20630651302759162,-0.7230539106565359,-0.4403315989289871,0.2710654665134744,0.9547414111868733,-0.8903175779793864,0.7457776771617863,-0.7428373170297153,-0.30656562871114845,-0.31087712179257077,-0.6771298718869454,0.8448924737440604,-0.632433294200152,-0.5628557775280982,0.9475087964354869,-0.9878853684237758,0.2451909476627605,-0.8088047110529744,0.9143280509780229
169,-0.6338425568435258,-0.509799841902479,-0.18237389389874203,0.7449794870891153,0.6654369418556114,-0.8464302012315503,-0.7010107048649921,-0.6053785034310268,0.3232387804950534,0.43470741301541604,0.7292572522388028,0.9173475230986026,-0.3905222539329283,-0.5968287912444796,0.2979728669627153,0.6855958089821026,0.5620227425283857,0.3004497150858181,-0.6745303402438618,-0.6589927301007867
170,-0.31490790877531083,0.2739446674203496,-0.1689030251936774,0.2643666984991895,-0.41311613264801816,0.4836187947641837,0.8658085258876251,-0.9908558138524466,-0.4505952256888792,-0.5762084191497445,0.40584701252221134,-0.488843627320108,0.7314815798271903,0.1698621378300751,-0.38160739851709824,-0.29329884330663547,-0.7590458089386483,-0.020500271802812664,0.28647412546148776,0.022934894558929386
171,-0.0885594503138698,0.03918570817647549,0.2730613102879724,0.4551728627939624,0.2514991796131547,0.997910679144169,-0.23038783783534655,-0.5300679067228029,0.14246042891524469,0.30508707261279366,-0.3423967002143107,-0.31733992279162826,-0.5247244931904949,-0.8270348221532595,0.6261437958423324,0.6698623051523671,0.38625200199485343,-0.09039248039738568,0.8771493001879844,-0.052988891844599983
172,0.6961017407884833,0.005425207064565507,-0.4481909821718204,0.6746821537845258,-0.3855280575077089,0.985455438441297,0.26829471959819196,-0.0486790479607353,-0.532380038817569,-0.30781890666570755,-0.8563114766667839,0.654997733166478,0.04448664319147344,0.0036794404067659325,0.7518732113837441,-0.14265855061563482,-0.22863929330664923,0.9180235926669709,0.5707259950051098,-0.549312762797878
173,-0.5773203074345714,-0.9870972816179022,-0.6546997046984273,0.286006759597057,0.7357736925762988,-0.19776499310782802,-0.1182533894430835,0.3639553017062871,-0.32860169349343527,-0.49652385827558754,-0.11826998580268633,-0.7282048913484449,0.8309827273186234,-0.7615378628895906,-0.8793694627160704,-0.7910035208333803,-0.44850752802052574,-0.9052811627843376,-0.3132784417316139,-0.5543262084351479
174,-0.8171975275552765,0.8510612105343591,-0.2763518623891341,0.502415210121216,0.9535401074745886,-0.5401791899474422,0.5447679450772203,-0.5972566800479742,-0.7896951459394415,0.0919334635361555,-0.7550915918476637,-0.46955033719673533,-0.34135146929773397,-0.05993598040667214,-0.9937521381844601,-0.8896649585797933,-0.0023572290951410224,-0.5939672808102285,-0.5750650381401905,0.7920528394226487
175,-0.49658221647971734,0.6496273179974246,0.003115213039190712,0.7403513500693149,-0.709559469960346,0.7980373628252375,0.5480559827279887,-0.1073485433201522,-0.019213988249969338,-0.6016085536867901,0.0030350871610815844,-0.7889619006201338,-0.5118448885375835,0.20618161077449604,-0.13274049632622864,-0.34358842986366755,0.562031392354285,-0.8409791487908391,0.07272974493265272,-0.0285906521531476
176,0.6885358424030277,-0.5572370450484372,-0.7541619998740965,-0.5810489167072175,-0.7737912374452209,-0.04149873800050252,0.7316261328212661,0.02266353718708114,-0.6004390407647671,0.4835851179135078,0.7247349096283029,-0.6572828352901505,-0.886813161586169,-0.4889768275083817,-0.2780337946620448,0.8637373384532865,-0.39060096386951093,0.5373020531036765,-0.19488372356001804,0.7678709563309971
177,-0.49245696000165506,-0.4115057281114385,-0.2886543222672475,-0.8893178221405109,0.31103229368683616,0.9028920358181349,-0.9162321283585506,-0.19374355680740885,0.3540528182220468,0.7080752061223285,-0.18119779538687908,-0.3001894495485886,0.9796605518923698,0.363624109894932,-0.6210380113873237,0.6011629047860791,0.031744356131227836,-0.754616331996562,0.9265436550149717,0.7523568846666373
178,-0.7963423761819777,0.9290617323715633,-0.36113743979524426,0.5498302070329906,-0.9382437499895473,-0.287214141670157,0.0056757520105965575,0.5189207221290857,-0.44947283024717755,-0.04142840312424201,-0.02038950649821558,-0.8683628660329439,0.8989883099389868,-0.8901680450983218,0.41550174759621394,0.3192216768577181,0.6188593850273651,-0.9061472053445958,0.5977748363441764,0.301447716752967
179,0.747867049663568,0.1687174959273383,0.14577231616214137,0.386570758817965,-0.8458702863318761,-0.23585481547294096,-0.6250761158258724,0.38469287488870263,-0.1292816206676599,-0.7102558000543691,0.1719586691412518,-0.1143851156868807,-0.6513946421432575,0.3384783096704076,0.8400363311366426,0.8289899453582119,-0.21651544545607493,0.18597235268873402,-0.5276061246468784,-0.5693363853827718
180,-0.3874342088756557,-0.6759463638688801,-0.06497357738383513,0.5836695569156769,-0.2977080522189324,-0.5523525573649564,-0.18169747912697742,-0.8552047053106977,-0.9955851186222395,0.4020858221275916,-0.5457660000379798,-0.08249117812830442,0.12858308854251588,-0.7993580897591424,0.1855554791758296,0.8357275795559518,0.5465408518539043,0.37891568150807586,0.38407344186201575,-0.966952689370254
181,0.7113041521458934,0.4046253139527294,-0.1265068333489514,0.9425260353794453,-0.19390442743666103,-0.4176310174000364,0.03374758483421614,-0.22457836448472324,-0.6644031789373377,-0.4877048065586407,-0.14770922720766144,0.6132668406982809,-0.6982133166676594,0.5875873808406449,-0.11984134927758894,0.4320067822746776,0.44969466147644965,0.9288151258442854,0.2372047053578239,-0.26933955099821927
182,0.5986583341552612,-0.12063022066366202,0.4626343059357567,0.7884813856656181,0.2472022103981264,-0.12033661098558213,0.373060115428957,-0.34999075299951654,-0.10962755942449176,0.34414689106089336,-0.9805909727157951,0.7950006791124307,-0.385688270544815,0.9704924638131234,0.5311805264144247,-0.5891358577202765,0.3898908140773296,-0.2571909425301122,0.2876717848347168,-0.6671524180997801
183,0.67815512961155,0.8016027526537837,-0.93240543253772,0.9243318323897225,0.5030880745537982,-0.12407011017243796,-0.6338455452271337,0.8974699163199278,0.9246275207199299,-0.15427048475797367,0.2009985904927003,0.11096279761385874,-0.748191937052161,0.7369419540610733,0.3080709608315888,-0.5528894899266246,-0.41264453211094443,0.5510990675781804,-0.5055849115922122,0.5182135982855001
184,0.585659931974092,-0.4855558172017522,0.8458124694375211,0.047765202741897106,0.7678995188684894,0.32267965072432125,-0.524445624040534,-0.8460545924913969,0.7845099549862935,-0.9739125077105861,-0.20285558784897462,-0.5066501879291379,-0.9210636102429681,0.3626723749512879,-0.10862731411128301,0.6588676277062455,0.4104196363885486,0.11447534749639754,0.38223716554051634,-0.9351991825189832
185,-0.27415826221755846,-0.4727821639018974,0.7529101837203878,-0.7781849032472012,0.9355983680966415,-0.5791986589985447,-0.22459005898268836,-0.05527916450102044,0.4870139912774385,0.6315848377346929,-0.8015884350845672,0.23886455098981574,0.8058591841199496,-0.966937767545077,-0.9402281150137393,0.21650018729356302,-0.9342870340859886,0.0638674948587703,0.31360629331125334,0.5411955213702642
186,0.5825666309650961,-0.25916294207272284,0.7611215688303765,0.00250557275021146,-0.5066795151322301,-0.020651323820460865,0.615595847018616,-0.3368778948601838,-0.6394881510064414,-0.853968314857251,-0.8946933305789546,0.4254205760053018,0.7661020300386803,0.6929601141010584,-0.3826800867590212,0.44900378827173193,-0.4782804421401754,-0.15630327062806204,0.6709926123558088,0.6851208108157876
187,0.8541463598710606,0.1235946929548779,-0.16983834889242977,-0.8386839955729222,-0.1023244063213109,-0.3190259205617214,-0.6345063912148916,-0.25816376785464756,-0.26678396151546013,0.9486122598512328,0.7409193254679136,-0.26940506955919696,-0.6382925496928917,0.7035472379903158,0.5746055948467743,-0.17173643196194543,-0.8567626728248747,-0.4155440906075214,0.28578493623398593,-0.8914934359453934
188,0.27120419078966296,0.3924245889152984,-0.5097899072259495,0.43154058432941467,0.2511200183967024,-0.30471630109737213,0.0057115571677281984,0.8788476622124508,0.14094534307654705,0.957048508849111,0.08408758195944799,0.4555137780424472,-0.3593038744700676,0.35363706154200125,0.5636218885814652,0.6445582830150973,-0.5318122748222633,0.8112074957846711,0.7249633962336137,-0.8883814912689016
189,-0.7648812986309832,0.7408242070499853,0.5686653914651645,-0.4896708559262781,0.006892797645369209,0.2885389409606558,0.10005999296929247,0.02292906686009344,-0.8946762735090312,0.4195911635265648,-0.8942928512145989,-0.8090432209168505,-0.13446485510365336,-0.3813203005619168,-0.24971763379075917,0.7704237693159262,0.74987619574132,-0.11907253054545741,0.6770896456383384,0.6655269217143822
190,-0.4841857162276897,-0.553489885605881,-0.9248137493195854,0.47750182380401274,0.8203014895781489,0.1930442875070013,-0.8264016812859929,0.559709987374853,0.24316021216715278,0.2607404732477665,0.5692946706821718,-0.8351015552862227,-0.1798809781706252,0.3935828324863484,-0.18193612731650943,-0.5259675446589431,-0.5537935654032269,0.9496241163373025,0.8443796758965971,-0.14422132074522476
191,0.9065322542262304,-0.40423280943095374,-0.899069247614205,0.3859144964153236,0.18751306747722785,-0.8784515014946466,0.014458915424012675,0.2298996623357723,0.5503981550502051,0.3820047869704948,0.4563925412053913,-0.7937629212027428,-0.45802769938628596,0.004156369748969713,0.3122003578530752,-0.171576360201527,-0.042110798117269255,0.3807540090401367,-0.11652739599968376,-0.5471381555481625
192,0.261977786449092,-0.7537621361941613,0.33416455115230037,0.8091090448040015,0.5333746806490955,-0.8069795042981271,0.9928370337705457,-0.4478800470454065,0.14007751111700206,0.527479167020376,-0.9387351746227592,-0.38714250553837126,0.6141843401077003,0.03362273777082714,0.1820537447616224,0.25956043360287473,-0.7498819687836287,0.4255741992565798,-0.19578962484004836,-0.7827521252948304
193,-0.8783429084201988,0.5061304049744682,-0.5921602171604199,0.9612112520325375,0.884284654771508,0.7032336366655725,-0.9146854421694399,0.9354285409831455,-0.6847229338094984,-0.08482048224510153,0.10086795037968477,-0.6781622857524263,-0.4020873459996457,-0.3121476398474379,-0.47765969886410553,0.3243999070571266,0.6765912434760617,0.1565061139889663,0.5299034420231783,-0.5273590116176945
194,-0.3618021886224103,-0.056642522873974865,-0.4134207889877697,0.696722448365571,0.009747921145076388,0.00010271909870396279,-0.06927613692380619,-0.08380621342128358,-0.1652699897827361,0.33348308760220813,0.13286798163580138,-0.7766677611842965,-0.4671733473709365,0.7342201140355691,-0.42041111513377505,-0.012572841254435696,0.4551924548934274,0.9757872653168647,-0.11234822488941831,0.9500726906390711
195,0.17654901550415802,0.6587302454315904,0.07097170347989579,0.8457696541521658,-0.3949757470476649,0.2708797738296309,-0.38448104152638307,-0.974702010468816,-0.6415416086421852,0.2562403253391541,0.5772269701545145,-0.8429495807191576,0.932900264671489,0.8149995193274462,-0.6700221672668321,-0.998292623725997,0.344298495637706,-0.7785709227143789,0.6433906292742744,-0.33849290763164896
196,-0.5686402971034279,-0.13501630151529787,-0.48793446320909384,-0.6520097093004225,0.49063522866087306,-0.519240155126784,-0.5253737996316168,-0.8104654860375247,-0.35848519939075807,-0.46866902331238336,-0.2608998838904957,-0.08769015786732859,-0.35359897414006136,0.16765764925648807,-0.8229905554451873,-0.38842213870955566,-0.7952951082290309,0.1332884679999844,0.16986716966614113,-0.3282612153094717
197,-0.7813836884159524,-0.24834798265155889,-0.48009050340921555,0.6750314804628756,-0.5786534996046215,0.08270655506565583,0.9218927708025861,-0.27008448058600787,0.5985347149372569,-0.18461665223870782,0.4044882941416126,0.2480109586591721,0.1165596435068963,-0.9467331967007806,-0.5994125005126594,-0.4338752685559777,0.16819655052088667,-0.1404503944900819,-0.593490046730645,0.8723007762669506
198,0.5019511044321061,0.9523706125076641,-0.953975371224167,0.19178582611852724,-0.8047908407620965,-0.643279110637667,0.599403526173685,-0.0007871454301682235,0.769017076543099,0.796212965268497,-0.546648993517256,-0.09217333576905107,0.8241181258974513,-0.6250050329150909,0.5037770754010333,-0.7722298747371485,0.9802854919920256,0.7823705983474749,-0.5370807420560344,-0.5106713121455055
199,-0.9796316444990552,-0.05114661291618372,-0.3566105952690064,0.25704506564006135,-0.48608167550923254,-0.6770690488236404,-0.40590248282932895,0.8469189683516551,-0.8702464920522408,0.7166373076384247,-0.7819606197805122,-0.12261354549574555,-0.7785279917945733,0.9089355197928521,-0.6216004343289341,0.3753854915977548,0.9956845660198939,-0.32730747680416794,-0.29007757208955054,-0.9489644583428574
200,0.820976805053486,0.5269761224476508,-0.707807389295974,-0.2958049501506643,0.44334868476789113,-0.4599300381463165,0.3228332930878768,0.526092792703732,0.6947288723304985,-0.027745832915768265,0.1611748466110443,0.3261466492350775,0.894453417552652,-0.8405418732926138,-0.12539707485269114,0.8182393867176918,0.26500947470115443,-0.2985549227750779,-0.7668270713842005,-0.5064591385651449
201,0.14004376704873622,0.034253000175976656,0.21394283029418681,0.9004807305235605,-0.003966321163045627,0.5788216664979922,0.952008062654176,0.1654258834396114,0.02365934456388441,0.7658756146457486,0.9423338115203006,0.6356829536282411,-0.8779021734395844,0.4033381270743668,0.3242652904579435,-0.169900132555032,0.7572647048388605,0.839777828785073,-0.9295284193140385,-0.5737949040503516
202,0.8475187335364627,-0.08490612386722662,-0.6555808437001882,-0.03988432025318933,-0.921790639552754,-0.1578425715684535,0.6946509314039098,-0.616693819997157,0.3418696903596996,0.8328517386036638,-0.0020265723050161277,-0.28957826447294344,-0.9523301550088579,0.19015170702664785,-0.1616730671362545,0.07193778660061323,-0.6944742397057597,0.331652146766964,-0.42152570837139924,-0.358291554765783
203,0.9591181809006035,-0.776838526488655,0.05471892044138715,-0.5574392738058951,-0.8713172004907821,-0.6300098811835555,-0.5783262272455045,-0.15347262477043144,-0.5617029364826016,-0.5541831378925104,0.5733058373209046,0.01601495076941517,-0.6649004163968122,0.4405035336212575,0.5651419808892755,-0.48790339056888454,-0.6564976529094573,-0.45138158308902154,0.07790792498141186,0.5962113654576267
204,0.14594241843407563,-0.19176955683469488,-0.49064126236715233,-0.7804218425893319,-0.42675683215630267,0.6774831456611379,-0.486909403329598,0.4953261064006249,0.9649544221831239,0.36205808860756905,-0.9202875287976227,0.3963634108250491,-0.7701797443252443,-0.7872669133872743,0.8302185362558347,-0.4469846878338575,-0.5848043878523606,-0.0316964051701516,0.8004743764548055,0.09725703554335174
205,0.9598985834318803,-0.9073014535312875,-0.4477043622963124,0.10200275270493075,-0.8560187723330783,0.32385247010934615,0.5578412438465401,0.46678817658680916,0.37069544382101394,-0.030124855975439457,0.8831309436964798,-0.7327090256736621,-0.9056106496919558,-0.015642320857902625,-0.9517991110410264,0.7845172097881989,-0.11511006225585829,-0.8443296517725687,-0.9186527745296813,-0.057815574816912685
206,-0.7224171875419407,0.3088260849807516,-0.0021019774266957114,0.06383799296077597,0.05294863465365984,-0.882002286939821,-0.18109669863021827,-0.8274968412719148,0.701211356607581,-0.26994534952290494,0.68562736374124,0.45698727705151754,0.2891356253288091,-0.5844286616417294,-0.28009293667070145,0.5870823809756227,0.10610159416620357,0.42853351293027897,0.8603336270458546,-0.9410362357470052
207,-0.8442284667222997,0.18599290321991435,-0.7470304417494062,-0.17645356556267222,-0.42544533641343674,-0.973223717367246,-0.34288198299164674,-0.5183127555271354,0.014554138672524086,-0.0479358468387554,0.7004678763184018,-0.5451648246728826,0.12449190528696885,0.6377368328717143,-0.02034929995719037,0.8620055591814277,-0.8960309384241527,0.7980008325921986,0.2083626331792363,0.6181793041355645
208,0.038185830546270116,0.388327581592659,0.5329138209158295,0.64621745532275,-0.2606680479069494,0.05675150042170318,0.7357734690986213,-0.5486741965115951,0.2966905250518368,0.6158188867799688,-0.9123935559893703,-0.14426637553181165,0.1233914043454758,-0.013276091313505045,0.01805719887763968,-0.3213328964003994,-0.7570277312240834,-0.4129919912956064,0.9120902462343281,-0.31644370880912787
209,-0.823881133425779,-0.027624969693985868,0.39318057985341226,0.30745011215914664,0.33044003154803847,0.25301264864551065,0.0951186888680684,-0.9870959972355196,0.19749950529909643,-0.043911986806514314,-0.858785871591655,-0.3333678072002726,-0.11948355878957728,-0.536221486932049,0.29361350565641553,0.7122217282410794,-0.4795943579040163,-0.9654544110970424,0.8681562633410647,-0.12808890494050762
210,-0.5067407376415369,-0.9531478244348826,-0.4213810388934305,-0.5666270485401017,0.35702365741331965,0.8915111128584714,-0.37130969754376797,-0.20624456068793529,-0.9402059379948957,0.4093961337210572,-0.4451421432466369,0.8731533249368821,0.8856879071649213,-0.7718122449879574,0.09899327231029376,-0.16210092406570742,0.4940807689801514,-0.9688052315627231,0.4249461504257084,0.47597655013793383
211,0.6334147103018573,0.5945551025423383,-0.09735964719367063,-0.3419102870735389,-0.8585691759797731,-0.8904297676557202,-0.6483418781439392,0.3154496047985291,-0.49331365105881586,-0.27196044370236017,0.29702518162313574,-0.27500641539734905,-0.5841753792540576,-0.5753668224723147,-0.151977562606046,-0.7239054872393142,-0.12976919335016435,0.4709141070052354,-0.155308070036696,0.7938265056138509
212,0.7630037862274386,-0.7689066610553388,0.4543993015831447,-0.7234262363430031,0.2707713376097358,-0.8305050108105674,0.8322942038910937,-0.3830747324172392,0.2012701572322364,-0.5021857649775956,-0.6936699521261298,-0.5089872463211407,-0.7127250012166677,-0.08851711732308809,0.41577551482787234,0.6876271862836316,-0.9203595695844922,-0.4483087088456261,-0.6297240641270403,0.27735440083637064
213,-0.15376864906654197,0.3017849280178615,-0.8636042283136556,0.35269755047696827,0.6109437713809915,-0.7370579487126594,0.13558833833820194,-0.5627154021466207,0.48788600683345407,0.683957824583731,0.23821950005541703,-0.45226634433562585,0.9385692710024458,-0.7565188484049474,0.6373858627408748,-0.9883106438796425,0.4179783070526144,-0.8982576184390083,0.6722773438611798,-0.90554852983601
214,-0.7964095684401775,0.8877933197148866,0.8279313925617899,-0.24259974913139226,-0.1717981781468476,0.2892408637537194,0.4651939921992203,-0.19106328889218238,0.48143366977417723,-0.8668122938476683,-0.31998254261912407,-0.4669143827442983,0.8401959420345548,-0.2604377521466814,0.7658451075447803,0.8762579842957647,-0.6211441342008923,-0.4505835188826899,-0.31698294738161636,-0.042712843103138054
215,0.783721683883017,-0.8111237299698648,-0.9783772752913824,-0.5808021962157093,-0.26799266015380563,-0.019268076958744773,-0.7723831143133764,-0.21987306880652002,0.9690737122019897,-0.5759234541971132,0.8630680789656668,0.126937599973044,0.36324540518270854,-0.6728487838009753,-0.4013725125191172,-0.06698868878615682,0.8449218227235056,-0.6615280542275745,0.656671131364758,0.15561001924636186
216,0.8309484019923805,-0.04101323017578484,0.533641537554135,0.39525876333482235,-0.9169193304441581,-0.6773240688881086,-0.4810525440466482,-0.35870871678704175,0.21163398205624784,-0.8253550568244907,0.03919795234942813,0.9724662818453937,0.634330154901442,-0.693393279788868,0.7604737637206647,-0.5071684256146052,-0.30281356617940913,-0.7071771659406467,0.20676503708693605,-0.37548523578361404
217,-0.9622553531327394,-0.04003619142239834,-0.6256232072288272,-0.5561309161754144,-0.8148497971787763,0.8311088983128012,-0.2892492091339831,0.2390606752761193,0.036609517831340366,0.18116639437638193,-0.8128037058941686,0.0901360402710869,0.2988468491119147,-0.6780114707578884,-0.4088340314003034,-0.5353417146525152,-0.30520210226625766,0.9919328560207512,0.7271623882150304,-0.6147426648521517
218,0.10005695441375861,-0.693982250597033,0.3504189629973322,-0.24051473628389552,-0.17940156157660359,-0.1737340574479227,0.9707926508968443,0.9078885893559303,-0.9337516622671074,-0.8915855072856822,0.6634114538345204,0.6642941867533441,0.9430577494773102,0.2730813802793681,-0.0930544572965164,0.9405031390111078,0.0328482737324014,0.29785721898286854,0.05753526612554705,-0.47961812334386367
219,0.11491996688653039,0.3924131081872335,-0.20952871380935378,0.9831473461598972,0.8340797204355421,0.3356742567439337,-0.6310285137839233,-0.8649292768861407,0.4446384120625768,-0.5574775304345678,0.583168524069068,0.5211526115207683,0.15285713537073753,0.4006813402386944,-0.9777806545917285,-0.6489564705584736,0.5906553900443863,0.5711697561732729,-0.06481361751888426,0.09249148078515823
220,0.6076495879959711,-0.2655146291399728,-0.8744217395403173,-0.9201754737445789,0.769582734389455,-0.6980379755300175,-0.021090923575893594,0.2414345348129936,0.8195864271450601,0.24884305861009004,-0.6658578568361295,0.33154579395722616,0.32737332799440044,0.7601363164655259,-0.012906391065316658,0.36804480717807375,0.531648946690835,-0.29533683696109403,-0.5649506773823192,0.26721201502289516
221,-0.052809119332745125,-0.17380755026350725,-0.05042233764275461,0.7324164664384369,0.5038378978677795,-0.3107877085457542,-0.3165503215945813,0.28775987831516425,-0.35982021955465826,-0.3083470503590857,-0.2971567703836704,0.5641630172647218,-0.8915178896427545,-0.07711232932734435,-0.5253141481543175,-0.0037837484275551336,-0.9437895310585387,-0.1482763119095516,-0.5493155888457801,-0.780392277138902
222,0.5697286750809198,0.9027527006256986,-0.5081259856624567,0.14190645579902883,-0.31661420012197383,-0.49252815907026837,0.10669806259802739,0.725957794240375,0.7495217339388178,0.32081017092645636,0.5587281232554946,-0.29893019970504375,-0.4453371046740928,-0.34127489202778793,-0.5572552427553437,-0.9762763215052528,0.4984758766821049,-0.8465731395641083,-0.551457776061089,0.5921174098876267
223,0.4041724683351611,0.9443301377815718,-0.040164677743610655,-0.8608062352376638,-0.26520433427425183,-0.9154005336709929,-0.24079946735014435,-0.7361394628746076,-0.40964681447019036,0.4903800369150171,-0.927525819455161,-0.7049961152996458,-0.8192458423371001,-0.7711651966171953,-0.3540813603972486,-0.45793410696046033,-0.3684845435457702,0.6383580366911676,0.09625274368433745,0.4402598761688561
224,-0.018934728490660024,-0.8891099056213774,-0.2451642431700285,0.8296820252441084,-0.17925480553971052,0.5996433030056321,-0.39499713960282445,-0.6169256062982293,0.9988559815490132,0.7372875161591794,-0.9440143207127962,-0.25020415848904975,-0.9221804219131227,0.5066076685006655,-0.4940567902152373,0.24967120792034758,0.4688228795365368,-0.010728223316778251,0.3998068628533711,-0.25337395914632954
225,-0.6391337037652667,0.7008088042734042,0.44736881472038714,-0.4134181307116549,0.10199119515315225,0.7782579690127356,0.2082936678270635,0.4225419913517323,0.5576451219175873,-0.6167326505126731,0.047939335248789794,0.20861139646923288,-0.6587090757879752,-0.28955920213830244,-0.5354809507079454,0.7817728395207824,0.8611797747888046,-0.8745308181297113,0.6274209369785817,0.7127521535235879
226,-0.5433689143678904,0.23763469083392752,-0.8649545966283503,-0.8589914056371477,-0.04317650706527054,0.22397053071713624,-0.20539730095957243,-0.002334173658521399,-0.501480130508281,-0.7466566383770012,-0.9200180533152205,-0.18427928397891913,0.9155320504945799,-0.10340058509460892,-0.7656036389391241,-0.6063406553163897,0.10998431698822997,-0.740046546228335,-0.39466257373071145,0.9836979702937381
227,-0.36284058085220017,0.8669318479202328,0.32184250845588336,0.5684696904965989,0.23524730529291338,-0.9391362427258809,0.36741729458142647,-0.3416069442636367,0.4669882353839636,0.8436264568877949,0.722232249978173,0.5310409067895339,0.5148915095044062,0.3478044157706699,-0.9258008278837666,0.6351075217515341,0.10111234033162386,-0.9969808285944495,0.41699809693246714,-0.04674974547711752
228,-0.41512250087350067,0.9955124871105141,0.5438886871323023,-0.8866313382921522,-0.3126145150384445,0.9155331474078701,0.9958396095537188,-0.2986219074973191,0.5934664018881777,-0.3482708572432709,0.5846467568935141,-0.3010249702306844,-0.32118820137515325,-0.6481863265090957,0.15342664381422422,-0.38046947241859996,0.9696015850448954,-0.34650242329747605,0.6866388570231463,0.45069138239187234
229,-0.205213713703007,0.17815584760775627,-0.9327436804128084,-0.335150802058521,-0.6316163294669477,-0.9092665318088631,-0.4546168345392334,-0.4112207771010101,-0.8177038196800237,-0.43589468084137706,-0.7922074157439738,0.11292758647709333,0.12888508304230406,-0.5084429680719773,-0.2450031078283721,0.8388843106444341,0.2820417216522495,0.46286611063290795,0.11637412511009382,-0.6351059549073326
230,0.3626818829460867,0.3819585338998901,0.016442458161310958,0.9673192650623885,-0.9340932673447888,0.9960992679159459,-0.5138265666859456,0.8985064960631544,0.6172315374298549,0.7338466175643181,0.8816648928232675,-0.8780043000645383,-0.9224541570347995,0.4677680373579234,-0.2978804289698005,0.25040888354832425,-0.7346648425707125,0.8528049799782487,0.6371861757037378,0.614890754675453
231,-0.9968229621031777,-0.9549676310782531,-0.22774382842288743,-0.8553472719155895,-0.445531377093042,0.07421378617625685,-0.5470414667781258,-0.42445420811648527,-0.020980096942470494,0.7136711113133287,-0.9183586167677693,0.006810734473082558,0.39050144973620515,0.03803189832979981,-0.11636260616452243,0.46791349302314966,0.4173364340141288,0.7242878588089776,0.41624345651918615,-0.6344435031375861
232,-0.36180855428582515,0.810182377830148,-0.03291568816057722,-0.8466385680015345,0.6469552880900513,-0.04405171095469784,0.9754710063938694,-0.6993874623079257,0.722082199328586,-0.8653195335456245,-0.10101704299888858,-0.5165466570697672,0.3140569626570382,-0.8695182944216742,-0.41645317099951873,0.7944879152407696,0.9724552388228107,-0.4586809539963952,0.30876511042737165,0.6730051285506731
233,0.5106631887301252,-0.28974439388858264,0.579882244490769,0.8941657408257688,-0.9613141043460909,-0.5839361331777568,0.06059505169535062,-0.7918584550901246,-0.5429299547558135,0.44764789735909116,-0.1474851882505832,-0.17630016011146732,-0.3094982286699288,0.28358865562510616,-0.14666008692729204,0.2771272527983306,0.07598257462056734,0.9065019613137011,0.6490706131201107,0.20402827315724759
234,-0.7169740863804595,-0.621797821992746,0.3874651220427503,0.2431742280777116,0.5503600234691894,0.33874140316986323,0.9118126189641196,0.32759436179891455,0.9709271352116422,-0.9040552168755738,0.38149536893609115,0.9824341246197343,0.5573014471638984,-0.9489788817852391,-0.9074629609348452,0.4303730547684683,0.0031937963111516865,0.2668713235780056,-0.7633567130423926,0.8728810956980528
235,-0.22616541871025087,-0.8978256489304126,0.7396462547056764,0.1250171582056423,-0.30072276124705155,0.1880644813351824,-0.8950631603837127,-0.2184503526445407,0.10294321737427725,0.28037616331829684,0.3534502532441428,0.022542128548106666,0.7630181137618115,0.23057174152687465,-0.3805108645424049,-0.17999873267861366,-0.3083800689910834,0.5538806603921702,0.5423292007570817,0.9810020000269855
236,0.2457864501931979,0.6672347490556594,-0.5477235506524842,-0.9402561801713092,-0.4225547003217389,0.21689691248947773,0.96679603544363,0.4772170230690791,0.9742306638591673,0.8588217580165307,-0.0689133134847073,0.07596456733637247,0.0644647126125788,0.6750054010978785,0.45817226385974896,-0.14208948152585732,0.059638284648996454,-0.33549897929076034,0.11325796039308811,-0.6161877516251995
237,-0.2547910461789338,0.20301826211912055,-0.9245953594973861,-0.4368591294092754,0.897811424816765,-0.7998992932946225,-0.7762936174709942,0.9968477936216193,-0.1443881854476452,-0.16212579483238065,0.8978258531852015,-0.4877948460870625,-0.1956944678573156,-0.7087670228795468,-0.6747495631611695,-0.53395149406377,-0.26008928692783595,-0.7686809423052898,0.6777197683532836,0.275497924243127
238,0.4636732008366329,0.8976223180708953,-0.0307999347412109,0.8846651056117825,0.8322771065713508,-0.006410688214704141,0.6862064750333481,-0.8266423458850736,-0.773179325118676,-0.6841348997445498,-0.7586657967249388,0.08933676780439614,-0.32102436565309955,0.42541931649641995,0.5063137921162351,0.4850962027903911,0.585236142448734,0.04617022492609002,-0.2753750000668489,0.5449125753558661
239,-0.07442041804799371,-0.06072593059296372,-0.5328217488511944,0.6139757625852613,-0.42818993311963127,0.4709777735941483,0.9641144516459541,-0.2179360832496544,-0.607190299004158,0.9501003529770022,0.7881000311548352,-0.8108978125752944,-0.7993455687303059,0.3481599936844657,0.07833196691504107,-0.24010895206675054,-0.6137741752581936,0.18993888065275422,-0.8017024674462847,-0.33003023663301256
240,0.22421455242021104,0.060258761655247906,-0.46746754456181594,-0.7436008502919029,0.42787618378987347,-0.2885607060776092,0.9783758520481391,-0.7810843919275767,-0.9269611100854858,-0.7209993501033316,-0.302013635320612,0.4877144018085682,-0.7556395044817461,0.8720833224470728,-0.29383471056781385,0.5640198176223932,0.30025698631271935,0.2291655795540819,-0.22314456372120883,-0.2972775558803884
241,0.3774970922731431,-0.977270163871159,-0.46409290303123174,-0.07305459941268388,-0.8490620297088929,-0.06743263518548104,-0.28597684529292877,-0.09871569370235722,0.09043977903011213,0.5478747666173172,0.37806583342244404,0.6673354164262715,-0.6249371738007441,0.8025557302058381,-0.6398879129191057,0.26097997350898616,-0.5181318027514752,0.8901648294458302,0.6766335776918235,-0.353951856814233
242,-0.04036210502614401,-0.2480604232074497,0.4658511389419837,0.18261970801374194,0.5044981618175153,-0.7213676705496461,0.20561998604926246,0.9017809007935489,-0.6172192105117165,0.8709984698475026,-0.22456944821672975,-0.3058598815599025,-0.8438220864173913,-0.10971693336809385,0.7655129490608712,0.11607677766326074,-0.1559214790333976,-0.4248384338827349,-0.26414357708685476,-0.3986097984562669
243,-0.013746461662404563,-0.21983191233000254,-0.9649931799190021,0.5149972691350164,0.8576748876056486,-0.29793008507641194,-0.1849341936991149,0.12976587448480248,-0.8437950288354139,-0.9880052023976025,0.012762701992975245,-0.8989824856120485,0.09043714842847073,-0.3431222167457435,0.5247086696784731,0.6577707955601597,-0.34717781762837374,-0.7853274604485951,-0.05796692776490997,0.8715038331529552
244,0.515266427331813,-0.29887733085884727,0.6980221132253068,-0.5630368065927298,-0.7486456229641234,-0.6518293480728228,-0.2328523292795719,0.18498767289654916,-0.8437508821462534,-0.9929119546088361,0.3110540930109753,-0.8033988642299441,0.22406574265863655,0.44878023738477846,-0.40809381719133664,0.3062207284433185,-0.7195596363992132,0.5411948327420668,0.1875290101070477,0.621733358712955
245,0.9363175134833084,-0.4748179531067258,0.059310744905985535,-0.9089497589842634,-0.6717058521049433,0.7862865960731629,0.9228069206065119,-0.9571923916658596,0.9736342982105912,0.9945700345667392,0.022116963180637494,-0.4331690253321654,0.04194120710644933,-0.0416679232046715,0.6085080307362642,-0.5378064831000744,0.13957063202634834,-0.047595098521367785,0.5356167897487376,-0.05399069339381146
246,-0.1516733086403026,-0.512770172618948,-0.4942631384278928,-0.963270672749321,-0.5229770006490755,-0.28933978325739096,-0.29783091834836917,0.8640883157245642,0.3729095179142634,-0.3548027110406051,-0.7692655355003652,0.07416555625959709,-0.8551058639676761,-0.44453464394680364,-0.17265806815019724,-0.7641947268885003,-0.8693681486207072,-0.7496767083237192,-0.44115002990712004,0.23735708575846304
247,0.033027448890896816,0.8487419878929461,0.5015091004872598,-0.5132644590487865,-0.23551038828604254,0.24327910023221788,0.401431721511734,0.920722167310587,-0.13333270671217123,0.3350948500796662,0.22417926961976997,0.5621749029943273,-0.04206848313692335,0.8932587527824942,0.7164732813555907,0.0642447671156301,-0.48863130650848174,0.6008038034143524,0.9655179998541166,-0.721746734397946
248,-0.9014409501554583,-0.7457099157844276,-0.8033667250175653,0.5936560907765656,0.42323696280781475,0.42993386566722425,0.5690166881484864,0.30240383009284244,-0.1555816332560247,-0.6905093410289771,-0.5895356818997293,-0.7722179918897494,-0.1866399463634647,-0.5954024622324545,0.8156394393169035,0.24173343945889947,0.6787951144849771,-0.4828158050925728,0.17201537691791158,-0.8825656078269879
249,0.307727476797502,-0.4385018233104434,0.01087965697443849,0.13674152111349414,0.6355959472972645,-0.10536391445042748,-0.21747404216294552,0.5673125784817814,0.546536390984852,0.6649983819824989,0.06842823670805576,0.5623580586189585,-0.3941898102530341,-0.39139143829896184,0.8394527118849031,0.9045118694772742,-0.8690518031652332,-0.9445904544859887,0.07626363231310185,0.0894496717089468
250,0.5766943480496431,-0.038601492038626395,-0.8182982108473182,-0.90524211255034,-0.6004954648808174,0.27085219636881464,-0.7172688403911582,-0.40594972811213514,-0.5317955983352971,0.0036108939225683034,0.8283578524596773,-0.015552161367730077,-0.5141052740205412,0.6054709020308515,0.9877973295909601,0.07286946573745379,-0.047579880780628026,0.6020424863248914,-0.5223791235875919,-0.7201155106390218
251,0.3186310108096535,0.6332786614072596,0.9439324510083935,0.9771054941105226,0.39274024948758446,-0.7401407388850461,-0.2768193303650035,0.4517469084731176,0.36973088945814747,0.7170746203185543,-0.9484303132771579,0.9525202525975929,0.6562767951156878,-0.33871320713002007,-0.01597337399352905,0.7435705146561475,0.7271280651311642,0.14468804330645524,-0.6617030892939666,-0.800661158124403
252,-0.17038805968725113,0.24376796242131027,-0.30181099190714344,0.6245458121627814,-0.9139708856176822,0.5063632741137345,-0.78168161017465,0.20562925882246152,-0.01006200031438409,0.2677206418626672,0.011485592454951288,0.30014242967746574,0.9032128292011574,-0.78502104548877,-0.4478704946325147,0.76555987493592,-0.25013127079997566,0.7147348218582334,0.5000783597151142,0.31829720139171025
253,0.816219951160394,-0.3226700781814771,0.2929584590208234,-0.6048983253714215,-0.34042222157034185,0.09414423774927605,-0.20958439856324262,0.9029050540610823,0.07804248233058186,0.4967445089752138,-0.09419258839100708,0.7260842930829325,-0.46097786579089917,-0.7501775505267498,-0.19079845130585404,-0.3840697358188876,0.8612753408779878,-0.6441424876070072,0.7805386715552733,-0.799044226317692
254,0.3872469017184479,0.09142613609552086,-0.2295147402509745,-0.07617803345684693,0.6063919562270002,-0.2770000390039753,-0.22021576085030192,-0.9052676252320409,-0.887670623487788,-0.9600258939770543,0.8085826502921627,0.7017155465872722,-0.8205130023437064,-0.3862301676745141,-0.4732767274850542,0.6118173029208005,0.19332747294051633,-0.11172217743447033,0.413312573418549,-0.18721659151864078
255,-0.49825411950903553,0.9154295181510967,0.6819860033317611,-0.25674390694267224,0.586004440736744,0.32984405741005496,0.39751560481209847,-0.38694405061331705,-0.5209366496260073,0.05124164616219051,0.18932451702550357,0.36503740712387556,0.7033287357431381,-0.20468586348162798,0.3208692475008925,0.3154140988515042,-0.8562125760209682,-0.18472550307762825,-0.6304085589194379,-0.20799738731630613
256,0.8981296939801098,-0.5323281791875203,-0.9042843665876446,-0.0837877164710219,0.12637433414437682,0.7299367646445643,0.44256939791212924,-0.8164906718435265,-0.7878567142314732,0.4907292749799175,-0.5065757470423031,0.7391661480907821,0.7439137416521326,-0.5577955548392652,0.26466557614478536,0.6335520087223752,-0.5505010492539073,-0.0680475213435967,-0.0949002586525931,-0.09342548098647208
257,0.22280303229647025,-0.9562891019803945,0.39130055154745613,-0.1882396125744561,0.45349387816611375,0.7831540248999513,-0.6922691061523101,-0.6719417532697849,0.22827694854461922,-0.4834775235940143,-0.8137014707295829,-0.6671470997114961,0.036185162852811814,-0.7098000277525955,0.9559020277757007,-0.6238444338727027,-0.00047378857077751135,-0.6366626107542197,-0.29221046782364013,-0.049396138266292855
258,0.8129976792698774,0.9895767180878527,0.7378371491721241,0.8762769884183697,-0.2863031908648279,0.6325006861716433,-0.6741211241436156,0.7756216973439549,-0.9669568801344526,-0.8457710249932964,0.6446996173081867,0.9442709474023787,0.022969748176990157,-0.1641715929910874,-0.8395023060993039,-0.18214731016775687,-0.42199370074643294,0.5246754057683873,0.038222921581140046,-0.9585125364710794
259,0.3239277094819213,-0.19192032265810943,0.9629148689262494,0.8621201301423616,0.1687383540528049,-0.48075729460663585,-0.3876750262501736,0.18478545211273079,-0.5143415362008006,0.5096925775100691,0.02850949911760825,-0.38011797310023177,0.5551417091732862,-0.17216832689335693,-0.21164664873627936,-0.08172677428255715,0.8196631379085513,-0.9591649386811674,0.3058052745928237,-0.7186828828381953
260,0.16862558131792738,-0.6168940529750397,-0.3512206894637775,-0.6154219095761553,-0.9016298272292598,-0.9061870645571553,-0.131764636039287,0.004273068882284514,0.3070482147802893,0.40880619934676377,0.35037705793074236,-0.28756034189760826,-0.6387479685327564,-0.17586776856881547,-0.14730625628973693,-0.16198241845690275,0.12190406749897553,0.9447936112509332,-0.23979234214775014,0.43888869011377607
261,-0.15427963081381657,-0.41301420889481877,-0.92578491077194,0.7903736370016221,-0.8299358622960866,0.10357598252438516,0.40154858074276145,-0.9984794810247781,-0.9420665618942758,-0.22920290004461452,0.18264807570419772,-0.07985205080317814,0.10791981897095027,-0.907718268124698,0.08661446813614382,-0.45715400210290946,-0.41684889227910826,0.317305839584314,0.8562382769292727,-0.007627858681791055
262,0.6120557860267337,0.1990170962689306,-0.30748325537491183,0.7912552159086124,0.03494775881282153,-0.6236179813683282,0.8725861031112563,0.9145907632116999,-0.43159554863144534,0.962959653132688,-0.7791516795612266,0.16925216721998493,-0.07120502041539711,-0.3250133539682625,-0.7021976038207007,-0.5086716795100306,-0.7411681323555568,-0.39525635313456675,0.16656533108571714,0.8177949990909719
263,-0.8992696617623552,-0.4939189571548679,0.5735909854696812,0.08683202295645698,-0.029204565165650287,0.3881151765479647,0.9412885108999633,0.9873054307631393,0.6538548152073156,0.4961836637312409,0.9786272458928622,5.636059665348192e-05,0.4914310574007774,-0.13977881076702703,-0.9582282821299275,0.745741084194099,-0.19436024141504582,-0.43264274981151174,-0.11330163273183946,0.32176430397316547
264,0.3366276459029156,-0.8926073366930354,0.9221707417447556,-0.8606565765619685,0.2905451007224036,-0.10261880139530977,0.5986498091029415,0.9654488722993031,0.5991659809453416,-0.28762665369549123,0.24523519366856372,-0.44303498149407905,-0.682050695420982,-0.868637319075845,-0.4262416369932003,0.25084799441160155,0.24156269401595964,-0.26622282935724906,-0.6805993102862595,-0.42555116588894726
265,-0.7083787465728384,0.48889949661303667,0.5046547175184397,-0.8344233592080981,-0.15155307780086447,-0.7752968352661818,-0.7702734362139585,0.6894498999448591,-0.5859939354514232,-0.5093527264043125,-0.07222140501064978,-0.44233618142898234,-0.45842294146305207,-0.6745956452108752,-0.7733142756273541,-0.47316795792464483,-0.17735717139505236,0.12792555309982556,-0.19600576266061798,0.8662430582226195
266,0.5785984653305503,-0.8011260586098374,-0.5644036968079926,0.30681521937095946,0.25134157577851,0.46936105548368,-0.04572064372804485,-0.583735746912871,0.013161349379080978,-0.6436694380458297,-0.1136274838557998,-0.12941419119295272,-0.9864306647106456,-0.43622396651151685,-0.3885670589341459,-0.30255040622158536,0.9847985779018762,-0.01589420896884186,0.2484210035018488,-0.5809902622398591
267,0.6727429012156703,-0.5240901919480074,-0.02652888107808682,0.14062807863155413,-0.5008298739853021,-0.7246589300679334,-0.7839185120077836,-0.8819119849599752,0.5345645258817386,-0.05804127625196398,0.1509566026939051,-0.08078958038366535,0.49051434423291673,-0.32854822430697594,-0.770172999551421,-0.0014386371842871615,0.08249008467183039,-0.5278101675914009,0.9919402125940644,-0.5583151914050288
268,0.59491953453945,-0.7499928119213601,0.7280424506805687,-0.32991952390059676,0.9802625968270564,-0.016723713468493218,0.05790791297640685,-0.4750153069208152,-0.5808356217433184,0.7509678821485501,-0.011435438468787362,-0.39476478110536695,-0.955736602019736,-0.8103072045928841,-0.2053719126146294,-0.8796762240486016,-0.30261841561619374,0.05314080983571956,-0.13262629706686413,0.6567958354897458
269,-0.8246421432762143,0.5004250860613149,0.6707056002866574,0.9890861471056331,-0.7390870529206099,0.3683092453768868,0.17165625437281617,-0.25589384728718456,0.9612507947389883,-0.5862339491894137,0.7323918592791068,-0.994265467768995,-0.6156742302809357,-0.22829992975968638,-0.27657230070224426,-0.9448799770889253,0.7681591295675849,-0.36276954491009294,-0.835706926710025,-0.6906766502782262
270,-0.8031588322145524,-0.14478495122004098,-0.512232014200025,0.17938410047318332,0.9259247000466659,-0.37445914463686303,-0.36189494965084323,-0.9935349326195038,0.7082536128809338,0.9167971519114446,0.0719460858159664,0.011915817866468892,-0.200755359505419,-0.9301495026354909,0.004151764090124077,-0.03882973391956224,0.2824222987028766,-0.4672849123279297,0.6797602166227787,-0.5901384770631661
271,-0.03349135209770515,-0.0017497901990009002,-0.6288450764443372,-0.9943459908261465,0.1509712045482412,-0.008014388485230839,0.8567153727975374,0.950759932385133,-0.24868675381745353,-0.2979619266842022,0.17663740763761027,-0.4774693152968841,0.712705041790203,-0.9600389731390615,-0.7426761129028376,0.776075981171495,0.9507353324786922,-0.7339480837514134,0.36634101476915726,0.9651741561564284
272,0.006868547344463627,0.767562462549974,0.027174371948914366,0.7582221273498344,-0.781359603916127,-0.2587795336932952,0.8185217721778133,0.134526437807704,0.1474411523630721,0.576243172184489,-0.2641431917634154,-0.007949316513524263,-0.11107939198046246,0.39181845461764153,-0.6838797359340556,-0.4898628192964454,-0.32244047116824937,0.82957343119139,-0.08627256415006102,-0.8545652530873464
273,-0.9634187310169766,0.9862762902693265,0.9426494582689968,0.028786742601451643,-0.8702623446006614,-0.29585636765934065,-0.5499684013858994,-0.6219136522888273,0.5214303180896502,0.5104581947829736,-0.1197930454773346,-0.35534637345352516,-0.1679704706042977,-0.6137678936411928,-0.22695222372763135,0.3582789394978185,0.8747735414773479,0.5618417741744834,0.049866380853996084,0.14061336223331278
274,0.9235374827865566,0.3146237803152614,0.4860804598316064,-0.30795173241476603,-0.40534002597950725,-0.22294926176501995,0.29168824865030274,0.7419469474194305,-0.020785422839092682,0.3752897002436555,-0.2914454661152357,-0.06995158000117052,-0.6857579823128095,-0.18254402404872794,-0.7287951011121454,0.23125999463878588,-0.4665430999550726,-0.42948583455323863,0.6832960736269384,-0.0645778059460802
275,0.03384294855908654,-0.9873294934468528,-0.7315708806537755,0.22189603717781758,0.631762727421245,-0.2343699511132986,0.12294329988777863,0.3567685416893913,-0.7706846896687611,-0.6231585840585943,-0.17461498109701235,0.5884914076415788,0.8951748545449791,0.0018012586195168545,-0.7382902895941774,0.4776339743703837,0.0881959084169992,-0.032766879655193426,0.0553513626551021,0.6681583843336634
276,0.2705733608898613,-0.8937899255609667,0.7857880604886129,0.8642192605436088,0.6230608185847772,0.20020250044937682,0.6364460267538494,0.7086793173538741,0.5888385272599648,-0.14531012466714022,0.45832697338382533,0.2714093890224294,0.4275572545504178,-0.04526915891666872,-0.43532314693546525,0.8975645591361312,0.015234044147692583,-0.26173507863304524,0.5643152688360706,-0.7221941629957083
277,0.04081574943923294,0.08871265282033747,-0.3966175986045051,-0.6959706769035559,0.7548292639271827,-0.6273828989801771,0.6996586765654627,0.15573265130357883,0.09243784167828051,0.6408558707722509,-0.46608505985033255,-0.5244922990857761,-0.4041991839465686,0.039386630328385186,0.9109135614064232,0.44198233878115367,0.6744975496324335,0.40193326235284577,-0.1932342796225326,0.4332106264451181
278,-0.31619238832206387,-0.2638975852598542,0.5101143337966785,0.8903190682476101,-0.9589818404545445,-0.6439564646273497,0.028033915032244394,-0.28770671419769545,0.3648510546555632,-0.17383448590304473,-0.8726227917975091,0.9034775263035055,0.017370184098423946,-0.7017119571354378,0.3748962448797728,0.5604558600904979,-0.8171549175350161,-0.4389721399492328,-0.945876864600913,-0.9507855543369819
279,-0.7437585985380584,-0.5841671197476221,-0.5847782505915959,-0.35287566739116594,0.5081230729470672,-0.4717971729395436,-0.4617205051813278,0.51807190127015,0.9960764245569931,-0.9947306609923285,-0.028346971100909002,0.8232118864505973,0.10473231708791175,0.7515415502323544,0.7356211128734151,0.38203071654149867,0.624647162290612,-0.3840170215631802,0.7054152487539314,0.6178101189199878
280,0.9165246399235576,-0.26133748160891535,0.6672424435425985,0.6680715851093462,-0.5315268163555054,-0.8429125371305539,-0.6584341100552942,-0.10686457998389187,-0.24696892222674638,0.8417371012078962,-0.2545655228839365,-0.7367392922725573,0.4790593227438784,0.5761052489392895,0.818981966314748,-0.38242047058335116,0.5917338192699346,-0.7264681432367157,0.8370339057746248,-0.8133756360451454
281,-0.5662880478939849,0.17227624780068718,0.069662685392343,-0.24267515469975387,0.2898636193747759,0.43653909696715454,0.46156749170075173,-0.1435337015996283,-0.8803143985086355,-0.45418325171472707,0.8734736646783057,0.9905629440263097,-0.2255780733721462,0.023060324087523343,-0.7740778104505617,-0.1924600107859853,0.6616923513329453,-0.702061137878299,-0.5365809602978053,0.22720698378396653
282,0.40801532435758436,-0.7954121047252221,0.3909842930897871,0.854556269796694,0.3424939134348679,0.18984157120895784,0.3209698136593857,-0.40102863817074286,-0.6120272476974788,-0.6325274006813393,0.818121663050279,0.3130040117507742,-0.29020485737607515,0.6072192845120454,-0.36794005006855035,0.2519819995751673,0.6576635614281967,0.9346638134311647,0.38886572193049473,0.9618256488844799
283,0.09019347680507561,-0.9598603675618333,-0.6743455867782826,0.882284357486878,0.3099762961464867,0.39851383670233864,0.05436772391705347,0.7620380292578621,0.4685920977656697,-0.6882319012338691,0.32845472207116044,0.546728905051656,0.7343092702078213,-0.7026515714733199,0.2020982034678056,0.5667452328369205,-0.20005441965645598,-0.6973793166461129,-0.6131787230216306,-0.9139503244435085
284,-0.15795880546215546,-0.9506665289624101,-0.4506658724773247,0.49122223763228834,0.3105181421130996,-0.5034338444534967,0.11636475633652488,0.7650645471515043,0.4962020106264473,0.16703649151002353,-0.7948172812723657,0.33366705616168413,0.5142361366395751,0.6944570878363197,0.8385394720122143,-0.7739996466518786,0.2616246265187032,-0.5922898806985619,-0.453103609120612,-0.6975465213816134
285,0.19121965615516245,-0.8293711305050848,0.12326336611941735,0.396710748448297,0.4502037720584806,0.015233277798927913,-0.7875780552254346,0.9364151131747962,0.909584141770843,0.8544145050318053,0.5448064762870852,0.6424581975461323,-0.715930923418485,0.21612650567270686,-0.6736599662959437,-0.6443301829896375,0.5716602028664619,0.2711977721087644,0.8720906048191019,-0.35109404649598885
286,0.03809006379857882,0.29916836468252606,-0.42556492499401677,-0.9536469569238837,0.8705366926890332,-0.5149579652618168,0.1813333410353184,0.825147114325788,-0.21137325440300936,-0.3455132292142773,0.2513822628879807,-0.456149234578175,-0.4517257713806233,0.44577705573412696,-0.3331301063937324,0.1639843024601224,-0.1766755841154779,-0.08410268080561223,0.19916767586428819,-0.36637471792613496
287,0.4701832827040273,0.6254234971499115,-0.9522055865512888,-0.3469634066807341,-0.42948216596460975,0.37331993588143053,0.4810939871797293,0.8907335317427272,-0.7996622685114232,0.3436642479342673,-0.6036975447160338,-0.15992329820250006,-0.9070739138009472,0.217451710964238,-0.14584421496178135,-0.4378113866531217,-0.2691376174586897,-0.0745983021127603,0.3392951196667069,-0.47122500897427577
288,-0.6257364916855399,0.8543358135326402,0.0369826973901779,-0.03614149546605505,-0.9931295477460347,0.9655627080195812,-0.426895559265819,0.0488788922643999,-0.3010977847434799,-0.025587512430421677,0.1461662322922732,-0.1490371906878838,-0.06509878102304967,-0.3915346231700365,0.26295650157258654,0.20652992038922235,0.29051740863101494,-0.09114504065850193,-0.39102702884492424,-0.13529121202196248
289,-0.3595501658431215,0.32119699130003476,-0.03347184170008122,0.33318222821422205,-0.9125544792176687,0.2087275226906662,-0.4475452277708418,-0.29543067422473035,-0.07109505932246729,-0.6867997482948291,0.09196176267234257,-0.8568765862077328,-0.25140924545609566,-0.58811981805447,-0.26463323020465745,-0.9780911313500162,0.7613637340578259,0.12616399766323783,0.6392235325291347,0.2594163439113555
290,0.17693837117703715,-0.26223852361600897,0.25316658269831027,0.126865367003123,0.8119667222462801,0.4552163270153222,-0.8746346316645148,0.5886792051071608,-0.5364259973937784,0.39418244752480636,-0.8729103253036241,0.486978587985194,-0.07856470275480287,-0.3907592013577128,-0.6378315386156568,0.9282267520942578,-0.10181178382262246,0.1340725167817849,-0.8045626806333641,0.08346907423650451
291,0.21330733840251104,-0.6304824816698475,0.8571124371982963,0.388572628033798,0.4196450369432765,-0.19996951808193075,0.6687235059023886,0.7460216367163459,0.7272042204180529,-0.21137656341973554,-0.623455251098326,-0.909249955945433,-0.4118064284409495,-0.13120422856001923,-0.5221232638969227,-0.8679965494259683,-0.8479549824729973,-0.16300295032067114,-0.8651728035357626,0.3811925844304924
292,0.6173784072396074,-0.2337811073876166,0.4179059960321614,0.06829580656086032,-0.19320658409663416,-0.9316290209987699,0.8981784716411874,-0.7341213912129001,0.7865760219588771,0.24038553157411058,0.5895962350939827,0.1268482092905887,-0.5078807737857172,0.8072474480589553,0.2862221444909052,-0.27813425614157317,-0.01765539618207068,-0.4868495729471618,0.872657457258849,0.3403177558699946
293,0.6808930884365627,-0.4984782407099375,0.5185702839721842,-0.01411020716505873,-0.031239166024009446,0.5232260599819631,0.18534659703727785,0.2570918187815743,0.3437495746598258,-0.23199869550502283,0.5428152377319664,-0.9337530848658739,0.4611496116212439,-0.06605099350290966,-0.29980117814214724,-0.6559210965362039,0.9480993042750019,-0.9352719775815519,0.1616321894045496,-0.23982279907371407
294,-0.8180379843857484,0.32998263846996445,0.20896851030363184,0.08572157475063058,0.5166441371304515,-0.8472616801188513,-0.8278209446545806,0.1434941124395197,-0.9779074678464659,0.10001399266383593,-0.2703604196493732,0.27350490865966437,0.30255106121480524,0.3173936407422042,-0.9396005262642231,-0.8427929816059252,0.5548992197672893,-0.5145437687193972,-0.2364535298809487,0.6356628272470815
295,0.817158295052792,0.5107953564513359,0.21284192168878824,-0.4500034862064819,-0.5257719352513117,0.9229427850302911,0.2803519395821008,-0.28282022676699037,0.6832682462985475,0.5111122318399473,0.7195843130086157,0.4028618304510756,-0.5228760487573536,-0.426727897827726,-0.5935192484775655,0.07320555543350471,0.26340503338022314,0.1841309098170525,-0.8292117383326887,-0.5680965881403761
296,0.32850057526558984,0.06132833679638683,-0.2687421485917121,0.1007226448355889,-0.4871685032963813,0.2271805966652085,-0.8875860190579172,0.9541822302072389,0.9070585195756149,0.45602059066944256,0.1576006476937879,0.3253589600757256,-0.7777950997375223,0.24787459174205817,0.8195498213193213,-0.5157565732640077,-0.9096070831841412,0.9487685644338726,-0.9604522420742281,0.8313369300612328
297,0.23460892986956172,0.0034773145706992192,0.6616556473208488,0.9163423702904787,0.15387807175764112,-0.8081130513940185,0.03660009028972211,0.23700964665002733,-0.24437238433443786,0.6414817060793441,0.047684212631628586,-0.686832456479312,-0.6477108872023283,0.8913860867685797,-0.7359598644957197,-0.7723386916673467,0.6032587363921023,0.2656881315226496,-0.3531795664018762,0.8222372377552403
298,-0.9956012995463233,-0.627090602957469,-0.17676632494748934,0.003942811580647465,0.971303792537932,0.46634697127715974,-0.41736997270434206,-0.5556154218271787,-0.6555477750821623,-0.4963784163598113,-0.08334036129047373,0.4109092894245989,-0.9038837436762248,0.1946263109169568,-0.5612658981391196,0.9417415790869965,-0.9374861832901775,-0.9252248661144515,0.7222134540235974,-0.7790464977856244
299,-0.08043454779341674,0.9882363724591994,0.5225978687761035,-0.29992153065815397,-0.6454836473231569,-0.49989348942269163,-0.27281955378714806,-0.32546882511030817,0.5214959110734612,0.24892826397496992,-0.4085788171896103,-0.550233379987892,-0.3256217023657191,0.3929726244409737,-0.20471010525129496,0.32244931754946204,-0.35231369841208626,-0.32675495112371844,-0.25913691153182095,0.646620810714013
