sample,y0,y1,y2,y3,y4,y5,y6,y7,y8,y9,y10,y11,y12,y13,y14,y15,y16,y17,y18,y19,y20,y21,y22,y23,y24,y25,y26,y27,y28,y29
0,-1.0992976503688525,1.0537568715192822,-1.2465583071845265,3.4963409134355157,4.011440915435112,5.078824894743985,4.061758253784362,-1.1247805281599224,-0.6048515792796234,-1.4405610662631694,9.713382713146236,-0.6501676467441572,1.229459918578033,1.6224169344527517,8.62304480446261,-7.615754517307709,18.564794848440606,4.00378181049974,6.749171990161403,-8.869652271919922,-15.10365136426823,-12.60740496294116,-9.412321853682936,6.742143684826115,6.4254786253988785,-1.1527819780365804,10.343971941384938,7.341000522441502,-8.298613444503143,1.1542538501963335
1,-1.6712495687359206,3.6746224193191455,-1.8918441827748849,4.991980872856191,7.708996578889552,8.182533185284143,6.9711600900328445,-1.8403528698533458,-1.724216696466131,0.7959393368603368,3.136049365135208,7.549882908706902,4.448262428618122,3.7447218070310324,-3.739416689334281,3.132862765364759,-7.949613970171942,-16.63060616294792,-3.9472977352110834,9.479462990303805,22.641547288369154,4.804365863165536,-15.603380266763295,4.548056981452766,-2.8570689282926094,-3.803863104869841,-2.541033068924927,-5.636194757409571,-10.805545637295028,9.028624514080597
2,5.183527289956591,0.23035041144898072,-1.3467435339188267,-1.4848427073639539,-1.9069646983244088,-5.434305702884361,-4.592291292788632,-1.3604808799568904,5.476272523119929,5.610423453906079,-4.148739798239357,2.321945912438721,5.486965240731908,1.2431188888038185,-9.396762973727427,-11.056412191685913,-9.086096992564865,6.241486444266193,-5.314692523228623,-16.53382688936022,13.244849126849255,14.83128047742262,4.140480658101262,4.137937896893374,11.044928040782409,1.7424151803954877,-3.0344478713229517,14.012420902381388,-2.5113448746722815,8.8769944440955
3,3.48654922904753,-1.8938092489738516,-0.2962612165557684,-2.018799918276022,-3.9733693521941453,-5.581796063058074,-4.9402764659837555,-0.24928807538141598,1.8187228042184418,-1.103583561334218,0.9159616015489227,-6.999753806249674,-2.9277898857166975,-2.647161401040615,-0.04414889016970455,-11.274247308429997,6.683865724171502,21.61358275767035,2.7342831267372207,-4.936389710940726,-2.78715288730639,9.548240121715217,5.062915237628549,-9.471880221804208,17.482021003913623,8.285632386156571,1.699237265424227,7.255749274378642,17.23919789187453,-11.445412265285706
4,-0.5316069733866999,-3.233649340460452,-1.0842194091403714,3.3144747626718205,-0.11616453851812061,2.7639966394096884,1.352251209632352,-0.7250749697802211,0.9488857187599439,-2.2973794251763717,-3.3942446174213643,-7.845834077717709,-3.970796026753819,-3.6807874773927534,1.3336064131946122,0.3236030876199578,5.3574218857177,1.7565835429730388,3.573664613486661,16.637622437036732,6.18213325200721,20.369357609736785,-17.779353860866188,0.03161680533791368,-0.1727118859437935,-6.964696297471956,-0.8383669214551128,-7.7332942928152315,2.267465463252205,10.231440942814933
5,-13.27705027016138,-8.767470911104775,5.000916392326874,1.6594725960909364,-4.274339547974287,8.345564267750976,5.904441282258295,5.369672282914225,5.041162682117753,3.657694952631073,0.17073755002509408,-3.9573520080635234,3.0163361298754103,0.018826901453484556,4.7847413854840575,2.5359237808950232,0.10578724839592114,-2.0697164486701607,1.9357719055492728,1.0519440966570306,-6.19803403908324,13.484455331469418,-2.8878448964721892,-2.1948422405725565,-10.17597923782713,-9.194729238962836,-5.86375123749198,-4.110822122276909,-0.6204264808685761,12.082108314413603
6,9.213600698283068,3.6921970914531403,-4.751101955968976,2.0134053596096524,3.3970705193262596,-3.2594651640748062,-2.798226222534851,-4.694622672170794,1.1813904880732902,0.6290345391239819,-3.443050060089725,0.8442041559967989,1.0934772337487493,-0.2570342851131195,-3.8386900386671363,-2.4287362002881805,-4.879655896795012,-10.750837750689257,-11.987500875737874,-10.44050727727696,-3.973979036811754,3.40321615992631,-2.906473045285785,11.852663935722461,8.352166329410366,-2.189380369300289,5.738668773102966,6.543162725032259,4.717215405955093,1.770182670804305
7,4.9106360037733925,3.1295663682847294,-4.3069380579855805,4.775777868059237,5.898543444235354,2.784531641522273,2.0406017830649157,-4.131734160391291,0.6784813744353791,-0.5403154810813549,6.304731168309093,-0.11644334106130609,2.2174102338065658,1.3423018354026766,-2.7124126808162194,-8.147282895119476,-4.647398100914843,-1.426790639057571,10.39418803658126,-3.092100198160519,-6.69273543894048,2.813182741672278,8.901402007607546,-9.631389634232841,-5.901657829578189,-9.392923655017892,-12.007951007730057,3.638747645733009,-7.303267855977252,16.564334370723923
8,1.7977592839282608,1.5896170451876508,-2.5780041177014845,3.8696426133320347,4.300832848807721,3.5226066509930334,2.657904069324418,-2.4184019678756616,-1.894405169838579,-1.5534872798369392,-7.692394298943599,0.8959730171331448,-1.910410958081921,-1.4275438554140765,4.898394170166692,-2.1057585772558953,8.416672343422054,-0.29829414336763654,-6.623683865543344,-12.286335160611255,-9.29648067289199,-11.084755005325205,-2.2300679467966553,-0.9489883443296327,6.80141562414855,6.9471419709856645,6.860807501778077,10.384325853313944,2.1150363079667347,-11.327998951002435
9,-0.6962460759797867,-2.54817770978134,-1.780333540487488,4.871311181365186,1.809491568759674,4.866536711299963,3.049533690495258,-1.3737838706742833,1.8298709079138584,-1.321504933724645,0.4514489369908038,-6.491665546183068,-1.413572462094974,-2.080478159049359,-11.967046933762566,-5.2174804637602215,-10.22625260948851,-2.4473292197321768,-10.053991497455247,-3.7681063362518525,-1.6822969233525231,12.411326157641314,1.771308696117733,4.221646463411817,5.709407915554099,-2.8272014596429607,-2.3594414582710512,1.7427341812359267,21.982058126735428,-3.953899558296795
10,7.986578571234251,4.420830364067581,-2.4841465734121524,-2.013785477289658,0.9662258773335225,-6.470838261664017,-4.792018637554656,-2.7160251727553533,-0.8856499042203608,-1.6428092529077876,10.434317338522602,-0.328232876206387,0.08273685221155432,1.2886424577680466,-10.322276243521515,18.05950391467986,-4.524284508928116,-6.460192546207276,-2.695596768757397,19.506160687413363,4.598028540940566,-10.192001344205995,-4.427406893718849,22.8149746320191,-17.74515604959199,-5.107734506845984,-5.122876117158744,-16.73223822592838,-9.813535287559674,4.447782307112984
11,10.115988365865778,1.0891187483482476,-3.816552255913948,-0.3974578468668324,-1.0922017523204384,-7.60906211326046,-6.65072607651321,-3.7373166128228164,5.766701583981299,4.188339128307241,-5.159840008440861,-1.0283203276783455,3.5316668425454565,-0.4652289158791283,-5.713305561185886,-16.50141730523779,-5.984892067774572,15.332622441348704,1.8904057480371468,-16.247906490952737,-3.0455318562130267,3.8480653085164613,20.387173943338777,2.1789622269595923,20.669795271600975,5.916546476945363,-1.782300281069448,6.489453094491985,0.4721613656781102,4.984686064860764
12,0.3935872458937787,0.28990007705031556,-1.3886780543407433,2.658118125468074,2.37416408682485,2.736069264127694,1.991124577408995,-1.247920775115412,2.5554372335736497,1.9057126070084325,5.406950168650016,0.5097212629930311,4.023264637372519,1.9482535599480828,13.43096223816708,-8.145607575342211,-0.5411888221164949,11.053620737793125,0.40691497486865963,-20.09529731147409,-19.220151880601424,-11.70325619509823,19.17121404929112,-0.7378167767111086,13.145119821907697,-0.024179442297244114,5.137864531032543,6.121669943146528,2.346929647423152,-9.210168985428409
13,2.7030743388615193,-2.345661552183029,-1.5269699043912897,1.4049314665244952,-1.438760970568576,-1.4129870424895765,-1.9162692632916172,-1.2734890198144555,4.9105219237599655,1.514876535901677,3.6805409545374994,-6.11400082593889,1.563049166957251,-0.8444336900895012,-6.931158778529038,8.134709267592829,-3.5392156080866446,5.643270058114654,-2.330183743324753,5.381044935757016,-12.203177258812987,5.653106514731183,9.365025293902022,-0.8991013992270331,-3.238249253391153,-6.997553257825262,-7.169749873111272,-2.471132308720655,4.059242056587885,-3.1528904611152795
14,3.155583182238397,-1.7905823539792585,-3.1921219135944767,4.577076399540296,1.5867498145853165,1.947462904339314,0.5778586307826762,-2.7825756540809685,3.665464892554126,1.2736133166104897,-8.646733495739735,-4.155467870700959,0.09158493489056897,-2.529910625522463,1.7348242007450407,-13.438076931834246,1.0401397945558446,1.317612242295734,3.9270961023304616,-16.853502457241433,1.9361898883583724,-5.2601227638087495,9.861902426952842,-2.5803575153998053,13.12661426054737,-0.1937938228986844,8.984255461015964,5.825433552846154,-0.33692983214624295,0.6593064535008888
15,0.9021771068341436,-2.138230504814339,-0.5708697978433201,0.809600472781716,-1.427392065559986,-0.6314483125121091,-1.0575576709661743,-0.3915560354385749,4.5340112311982335,3.3325242958093924,-2.937177905443975,-1.5779353949526216,2.899340119572302,-0.19226018986299304,-11.393436895549621,9.884374793155136,-8.037590268948126,-6.187201075544157,-6.546620908323845,7.974013205308632,7.888191830942348,-7.246825126307778,12.511313605694781,-1.0856868980559777,-7.1658640054316,-5.9451838593301165,-11.211639199964507,-4.667491671835139,-2.959160051719408,-1.0896166868423043
16,1.4514762345003038,-2.5572532826877516,0.6586660789100929,-2.2801610001571295,-4.4357012821893935,-4.600702171233362,-4.099269185848626,0.6950886388296887,0.9385318838589067,-1.8416798523810696,1.0980541699776423,-7.349970874459507,-3.9170389061724453,-2.908658062444783,-3.9734459595980747,4.640844187715651,-5.591514470017196,-8.953389315719567,-8.181134575631996,-2.880041231621916,-11.323896114309235,-14.84834326713289,4.736710320223697,5.075323384434113,-9.857238559288039,3.931439552321069,-7.257066975152709,-3.7343587954639466,11.710785263482284,-8.869313018815983
17,-9.505748174196391,-3.4394871645524505,2.756796128394233,2.5557296817810413,0.6294474310370357,8.5937963606381,6.755668041264038,2.9403891861716,-1.076953804087713,-1.1674905847618493,2.8179313724582022,-1.3559613324357627,-0.6583040400145695,0.13933464136702342,-7.820795596686144,0.22623149822041433,-11.089502690691997,5.338086660336589,-1.523468420778249,-1.5721107934571066,-9.514803178007261,1.8502243179654596,7.70265336256761,-4.75343180815318,3.0242284643275097,-1.2665190400271604,-8.702092668603711,1.5992080597470029,-2.04496728317428,-8.315951811923323
18,-9.224204737956763,-3.7222948559505675,3.124060357437037,1.557295154350119,-0.4940858421881333,7.174922011460045,5.627018488743444,3.2713506335633102,2.7092559188841108,3.9888891584440804,-0.2418537395034688,3.029901361870384,4.941514319618237,2.286148298937239,-1.3938499686982564,5.33635311459463,1.7180473363845017,5.367801547979436,-2.780331604016731,1.5178630380132965,-6.241497591849634,8.784387782083988,0.30973051670138085,-13.248544437042781,-13.133579697100654,-8.13067101752474,-6.569955622440368,11.256267885585089,7.2695809587142035,-3.0283707156369624
19,-0.3082540274057988,2.7500111303145203,0.6293923144401778,-1.5343656021923957,1.2838112905847219,-0.36943967064602135,0.38816914673170216,0.384515065456575,-5.784811753573806,-3.705931718214262,-1.8422862477085367,2.9066316129975953,-4.171392567940937,-0.48834219664559575,1.9813824952555417,7.468164178168646,5.304284309244752,2.7592886537655943,-12.350504980064597,-4.574092977222155,-4.2682724882559375,-17.40462417919187,1.8434124343456528,-0.06711245443152908,-2.2257912395573625,5.286341512256021,1.8140577599185292,6.8106938975865265,8.969072934227409,-23.005567470098345
20,9.55580166899472,7.176693501983082,-2.546734733163391,-3.62771485340866,1.8649374048522518,-8.336152350157766,-5.742529805867691,-2.9981917622600363,-5.604106181695781,-4.068065320850886,2.8298501323294634,3.240799970136923,-3.6963860399133845,0.16251255624778704,14.191616355492728,-15.858084042649851,6.225510370960179,-1.4513900882733186,15.238290105974526,-3.810692348400385,-2.582438094191851,1.5816290169923268,-15.51071388512544,10.01857085147567,6.519057486035415,6.944150744284578,13.481769972758903,-5.38925486066961,-7.451916727248291,16.79384107218026
21,-1.3177520148036763,2.3647078534294197,-0.5441293097651191,1.9457818193143968,3.964057829687726,4.057351441945352,3.644719185161327,-0.5866333901816397,-0.3383278125648641,1.2658663299220925,6.705044852409896,5.154527430125269,4.3393239162509785,3.571720733134868,11.05005209496936,-6.543698998580639,10.262773018679727,13.936604983640155,8.082154652183236,-9.416733376108393,-2.4551620787997614,8.184770528615813,-3.473709943410328,-5.636765964953049,2.50527810374407,0.9863423286479165,2.344274457154297,13.372117603217522,-6.552874636975801,7.447712820453689
22,-16.880345507415665,-3.1473074596104107,5.807316274471927,2.0932934184539156,1.7917656661921033,13.742990695349985,11.558356254999074,5.8301030059233945,-4.565907242323696,-0.858986174653822,-0.7077726445249586,5.72492919959434,0.04638766473366561,1.966138858180921,10.933407842721978,1.075052063836866,2.5849389010414074,17.883338899157803,-1.0384600778345867,3.24767083520875,-11.885462366890481,8.216729689098676,2.071570700197418,-11.382823660733308,6.48954749396016,2.1930348321781143,-1.2945501212447525,3.657470958543873,5.015994933651762,-12.45107370382701
23,2.8479806447507467,1.8188577477427288,-0.9029928266130982,-0.7175913042571862,0.5643569142340766,-2.2114341727652587,-1.5852348026655116,-0.9991384818227699,0.7996203264290254,0.6617909440613159,6.746320234062206,0.9240464753051275,2.21828652626616,1.7507492408400727,4.108410145372559,-6.406545378407866,7.548708952813675,-8.689399462547888,4.59954714917581,-2.6907613202988467,-13.081423272839931,-21.247272994513757,2.8248138403956413,5.1764334911336745,8.479567824075133,2.599562449084513,9.921860732070934,-4.039126385570291,-1.986305931109204,-2.090926598369679
24,-4.01239053732076,-4.836699213996397,0.7352886479427486,2.5318210166563553,-1.605997910333441,3.889224368982451,2.2861168029595578,1.0834325658822423,3.9522378426635223,2.3785325513662436,-6.622848050440857,-3.5720341216238625,0.9563080980455102,-1.656493843941062,1.158605654580156,0.571725942845058,-13.837801597650476,5.527339539054778,-5.293671708964803,-6.7172214099561085,-0.0880065173809726,-3.3371353502828307,2.2133383766697237,4.954684907687009,9.016949635624433,-1.1526352287497643,2.3245323382170895,-0.5508954530069086,-7.472662157263139,-13.110706882647705
25,3.7524253527070823,4.670913956041243,-2.589055176952398,1.7666431949857777,5.026219272801393,0.9589984676740202,1.2217274268493825,-2.688656910070169,-3.431650666543282,-3.1712224453588957,8.67802688747123,1.6208309016832172,-0.6289152668486141,1.5117524205696364,-10.192435378804586,5.586170079548987,7.178966162202434,-14.697855385188697,-11.540385202104476,9.41301554144267,-15.222294592495878,-5.996401895262052,-4.095130989921181,1.755046617140284,-9.40748201771064,-11.46827527192043,-2.742776014950756,4.1846773673673106,20.60043414963398,-4.358887356652185
26,5.931377470728798,3.4708068186941254,-3.48689926413541,2.0656252168912097,3.8079571736779907,-0.8228859809355217,-0.634244396660642,-3.4678194254228125,2.254089921572297,3.2893803567555637,-2.1541439655224424,4.976806032640052,4.9910728860548605,2.150788267473844,7.247959173600624,-10.033189372236949,-3.784505770743433,3.125532034207785,7.683556381701478,-15.773713581159196,6.131997595800379,-3.7664217625308676,7.689173543502648,-0.7876981572608748,7.880639076765639,4.788224127431774,5.81214206198065,3.3807267335480007,-13.688786132244047,6.746224730777682
27,10.169955276128508,0.6917547022430421,-2.763171351327195,-2.6855192329394346,-3.3376405212193334,-10.317586008641882,-8.707205268386286,-2.7905686438438977,4.952363219507895,2.7293628093566737,-1.461998136150267,-3.2730426976784206,1.6055214116026062,-1.0175239890861314,4.160897033465512,5.038958860331862,10.934326398066139,1.713709012036095,0.7740952191847751,-4.605767775550352,-18.132306770833114,-11.558043149540747,9.774554467801153,-0.6679240282155978,-10.249308818617445,-8.720311991792563,-3.3573562828026486,3.2972203438997356,-4.195919718322312,3.8620878973594697
28,-0.9706299497225912,0.5452734140998987,-0.48235186224653165,1.7941212764682106,2.132959220471814,2.913444822651825,2.363394083223415,-0.42663984903421354,-2.7378450445293607,-3.9041884398850333,6.64720271342927,-3.022594476763646,-3.029340029018235,-0.5664508650926197,8.964623234789377,0.11858586531485801,8.766715980441747,-0.9051657507644782,7.960473162506557,-11.001993215943914,-7.141059389613764,-10.10439238586785,2.815223406458379,10.585978069154148,-0.8937331917407941,-3.51963655789878,10.529161062192689,0.40618548707220287,-12.079249660052561,6.869497169984482
29,-10.414675953275232,-5.887739294540552,3.0464033901856933,3.0666727067574584,-1.009800623413318,8.873397678761641,6.536554360104427,3.3805764215488607,2.5122499704700374,0.4881971732900603,7.60769264036567,-4.826142683603453,1.458353924825223,0.4375683710330172,-2.354024063755206,-12.882096989412574,5.470213006198482,-5.824504935609425,3.108606807689924,-5.006008420396857,-4.431269787885291,-1.021320415213793,-9.992273497606499,-0.7278135040078848,10.793576621544773,1.97358054563181,7.318708995837175,11.708973108845232,7.442861589021952,0.6669105799427815
30,-8.062145712853779,-6.6648777898141365,3.0292508699354914,1.2285572149659891,-3.6279997695368147,4.781900989336407,3.079410022093816,3.340299065398213,4.863621950115997,2.606275906367277,3.1667336840352713,-5.192511603510586,2.332435828023761,-0.18476115511260108,1.509585198062224,13.485953121893495,-3.806606172880431,-7.001598829504758,-1.4359282290959567,-6.71544343034791,0.17397866975043738,-1.633434457153866,-1.9568422610223979,-12.392881163412332,-11.71233440294873,-4.263738425631023,-6.469352774580503,7.085367620582298,-13.454896339740168,-7.773022545373062
31,-11.634713833704227,-5.869948361876872,4.426801183439441,1.0802740233246915,-2.4114880615865104,7.6168630714344765,5.79819966905053,4.62788300169867,-1.959084654099052,-2.8866318119343175,-0.6153564601911191,-5.047172476169438,-4.509108635373065,-2.31353825528296,-5.771334802719328,-11.87010460947577,1.8827032702911308,-3.21555520882312,4.512135203051988,-4.455163260645909,-1.698109424026472,-1.0911770469286048,-13.319211344457555,3.0065622465391364,10.806653813038151,7.855628696489631,4.624363490597667,1.2175802295307596,-3.5411626612266844,-1.0729958137563478
32,5.348136276403875,0.19830039307381736,-4.201157845900632,4.620972725163118,3.04299666102385,1.131359496406849,0.1303084333774888,-3.8646015142735695,-0.20005877636555397,-2.9392385590210433,-7.428021219618428,-5.842841702143731,-4.44903959257819,-4.00230407702331,-7.174252002974215,-9.553864934630745,12.407250578628874,14.92780127692679,0.10630449805592238,-5.489411798954252,-8.113604274350056,2.029022987400968,-9.299422678154656,1.304293668348586,1.5112447024483064,0.5527035018459574,-1.353312937349591,15.59040496658596,4.4596444897691825,-0.17578202226461626
33,-8.500625904808555,-2.3341957362783816,4.0401603432200055,-1.2707241433715388,-1.6824569167521741,4.073743400888465,3.592792904052438,3.9616319786968286,-1.483302268942378,0.0389218161661511,2.2528252660357095,1.8561180510322348,0.20024757547602498,1.1373244577611985,-11.7881269918662,-4.151102075780531,-0.7930599041111006,2.7614681733371635,7.472598951076389,12.11461154080824,10.259519668187961,-1.7189758593357738,-4.041727021172432,6.815023577902564,-3.5533518300797287,3.9631727457134285,-4.656660532726579,-7.549334237369814,-7.560772960242465,9.4458402035191
34,-1.086896856266349,-4.261351002055253,1.1730786834246034,-0.992999409727537,-4.48270422279304,-1.9515438220672545,-2.2140325590783716,1.3364940706244484,5.6247197737483425,4.512635967194231,-6.453572737813225,-2.2088621655177283,2.726451329370792,-0.8920744888312644,4.931416142250747,-5.176825005807895,-1.3219133849987332,-7.167880824200497,0.11705420293794819,2.4958045864863796,-2.871186247542631,8.195755231355085,4.395038713058122,-12.408193239774263,-4.696907541829091,-0.33915595347934757,-7.991033594850292,-1.5781003696660527,14.115198081828858,10.47402683813453
35,-3.0706763146489133,2.359291140059436,0.22678843961113468,1.7471208146791612,4.099804821033231,5.154410425186261,4.67776304694405,0.14519999647573817,-2.990986963472158,-1.1220694565883762,6.203068562657965,4.53161445394027,1.405777363749448,2.641489847679642,-11.006225290976305,13.858762810985512,-11.401017178356378,-5.569086043388593,-16.229897788396727,19.116651717825775,-3.4057537563488816,-2.5961787948115855,3.7391610029884386,15.1114238627322,-10.425685507507234,-8.936073811413896,-13.237027052458222,-13.282775060941013,8.664287352757976,-2.9619350499405623
36,-2.3396169303648624,2.181224201770163,1.7851440018504432,-2.252368829818423,0.5320030387876897,0.1449187180448451,0.9119510434374656,1.4986420057842813,-0.793477315861359,1.604031213834407,10.094173236911292,6.094616909271773,4.397619352646174,4.38499165683046,-2.8676000027902346,-1.336676851580941,-3.567664576617966,6.542021764996267,7.371179259528313,8.056477214730078,-4.970483006916867,-0.8389398751104258,10.647223147706496,-9.901321857871473,0.2804743882313635,-2.4524197959924896,-9.909865425159301,-0.7665476412031597,-6.993506768022633,2.586024769854651
37,11.824351985805652,8.683809536766692,-4.31482806827827,-1.9152325885642796,4.240453053700736,-7.567603817014817,-5.160952902982328,-4.716730797185588,-2.165555708288298,0.8378771116751187,-0.4731400957012696,8.87319423087495,2.687910953716535,2.7664309547603487,-1.5870788456441884,0.7387476458150849,-6.915711359589041,5.527977785184475,9.914525859253308,8.01018351667373,12.84785870236003,2.895229559060505,9.530463671606979,-9.562040696389564,-3.232955038674866,8.422644936115267,-0.06777002020683491,-12.320213301072226,-1.0475937711454693,-0.33723333507234743
38,-0.9644419900961826,3.707611394202188,-1.4752511903634145,3.4770190486073957,6.374002121753562,6.0015069913495225,5.303018377280483,-1.5000681413728307,-2.1566466529994965,-0.9408842860938177,11.443328039020718,4.489727054753496,3.235593880282497,3.8198211010314544,-13.461255410212258,5.365186119505384,-2.410675616689346,-14.045274547369596,2.0123804120440325,12.633057938468932,-1.16438362414124,0.5736931929327104,-10.870629302394441,9.130856660528208,-16.116605338047815,-9.253728135934036,-6.524432172241063,-2.9021838984000157,-8.44166440363819,15.10143026089848
39,4.14080362821059,0.39005370100376324,-3.491570537701671,4.063815775264646,2.9686897663473992,1.5025854531119225,0.6072032968221959,-3.216620556777486,2.6624599001998286,0.8722151469589482,-1.6194401976785968,-2.128601761055392,1.4422736382262134,-0.5917786414801329,-5.898761674904879,0.2386958569947931,3.0603402593835614,-20.240252572645087,-7.745503482084758,9.719212741533601,6.577567573968515,3.611159063155505,-20.454392112627577,4.973900456379016,-9.420996736182348,-11.128892404560633,-0.5925186977810093,-2.904025419151935,9.009996196482017,8.204450261512179
40,10.58724440937551,5.145708600807406,-3.8169196695031578,-1.4151799023571012,1.6627855130931422,-7.482582948329201,-5.7190079639124525,-4.013485382913227,3.0108826983884907,4.215930198792372,-0.10666748777841802,5.779364916674475,5.811963433722413,2.760262805890517,6.409829816583412,-0.5346471008894537,-14.144095062041417,-6.442873041697449,-4.798408168657048,-7.110999502757025,7.225599998082155,1.8388368497190228,7.1467571592203,11.501331437957333,6.7730387048143585,-3.1864927337009874,8.737111084008411,-9.017215141707508,-1.1386386962321067,2.117623886197462
41,-5.480258803589922,1.7624972228349554,0.9628183519338198,2.2716197385316037,4.40714597805006,7.30577426835309,6.432005814557903,0.9054759997974164,-5.787081222899164,-2.4706472360390213,-5.701259841106277,5.917863888803462,-2.145939384418682,0.4180728557896057,-0.7165213502855277,-21.310122506713864,0.3042423514216217,-0.9113859835896386,0.3763497333346845,-15.952095134451856,-7.92729372661131,2.5176211051581734,8.329135093917419,2.1135326359103677,10.484958731155695,4.1039601995682995,3.5882078124262575,9.215055059130913,12.873514528567389,11.391493716974974
42,1.7474966080229672,1.9451898106800973,-0.8162178975677713,0.006284210981327871,1.462933642647817,-0.5401548998833731,-0.19657811224367672,-0.8960499041376857,-3.0017698231652203,-3.6806975477719797,6.447838652608328,-1.8329374943260144,-2.954218089744291,-0.31866587347566006,-14.339455067994919,-17.161353080303954,6.969136819622161,3.541175172148031,13.541412033052175,-8.402751257363514,1.220549560285548,11.048997831355889,-1.1966970944578355,-4.460930285127995,6.068141168327079,1.4795703043350898,-3.4602440401110983,13.141739301516463,-6.086641666661326,19.015751248348426
43,5.767561802178819,6.612947149065328,-2.1608309406108126,-1.1741264249897205,4.023021208726532,-3.0183231404145463,-1.5000872937670988,-2.5027318392100755,-7.064589598358036,-5.907517403189818,7.501023697751597,2.207686209815026,-4.416077347220411,0.5040376626484048,-2.420897191736805,9.18173834239442,6.164500711038,-13.606803098465624,-4.389233353604962,14.39018169088703,-5.3499403551758595,3.78852329375586,-19.28572550706885,-0.2366811962146681,-12.885467681725048,-8.512306604949165,-1.268940272408025,1.4433247535615783,5.692061213281468,0.6551023803592229
44,5.943220936370921,0.14370779096395506,-4.188914522202711,4.098091347574253,2.4617090437980806,0.08874103213902043,-0.7180657990471283,-3.8693891541373793,4.899351824634266,2.9521105219775654,-4.339537434308883,-1.728379534688811,3.2906889169062477,-0.4809764520673252,-5.145526758160304,-10.931346823936096,-2.1135380631235052,-3.2619962268818816,-4.763668667749662,9.945286268296679,15.605216365179926,7.865934755027541,-14.452272272389836,-0.17164384235950553,4.571065671409493,1.686156247055647,-1.28684624036994,-1.815475309455946,17.96593537072691,1.961851791342855
45,-5.041207264120548,-5.693426694328937,1.0482921360082558,2.8503708998819173,-1.9419240944154077,4.6745659991678945,2.8044495779180747,1.4456388327062573,6.111725560282392,3.637008825288405,0.5760041915702476,-4.6019442626844524,3.6112395915761297,-0.1729358673759078,-9.199357158898252,10.639949323656236,-7.486924897131685,-8.663041025234199,-13.990099080760618,5.695047117362946,0.24650894493795653,3.2888921899959254,-15.321875016862105,3.6243414327956285,-5.430491166215053,-2.5708606040806568,-6.743593393413258,2.1622870672607366,1.3677910405607472,-10.286784180890143
46,10.903419418435247,1.9229987417682401,-3.0707623286031698,-2.8226880761217505,-2.4628705013832524,-10.53438675410552,-8.69002345761168,-3.162666679289183,1.7948199414642214,-0.044309325641682766,-3.7446323494380005,-3.4550136148722768,-1.892484652185216,-2.2992294555245434,-5.382245427697594,7.423938729144339,-11.676170690308572,-10.99421684690366,-6.535702633646553,-2.4828823157205253,9.095164353890473,3.391423869555574,5.1112613747583175,6.4141707793245,2.8021265108795568,-2.84460504668706,-0.6112836100643935,-4.696773392722166,-6.312708337929782,1.7467100852803856
47,-11.244873857258527,-7.109713792827692,3.8105191236389433,2.286349982444468,-2.611878220296814,8.159465589508933,5.861019575185085,4.155158963835419,4.312029000018781,2.324795574862081,6.420121248790926,-4.615564434396407,2.9836623935113256,0.7162964742298304,4.5094530067106655,-4.97867746061916,12.790331356475928,4.312225852358179,-2.1354007064826197,4.968431304435944,-16.143613843130808,-2.7067359210391317,-7.827400180633134,-1.734169054700534,-3.880516062130807,2.3652310715236875,-0.8362746037264615,-1.2631801511151108,24.102905128340524,-6.324634005094213
48,0.7903032782043962,3.479896527984317,-2.9844496323694174,5.3237786884811475,7.378584935058048,6.6202784147781735,5.459667030100595,-2.863823394160689,-5.134803806609578,-3.981083609353884,-4.972087037663882,2.4698024999024626,-3.259680791006397,-0.8802295292773148,-6.1037282277776255,-3.3240337236485917,-9.169212438940548,5.472026679135742,6.187397810001832,5.960754665632413,9.983789914775697,19.46456342850383,5.634970180574724,-13.436058807077357,-4.637635860503335,-7.276505852338433,-8.013362605705144,3.870572111379083,2.2694401080692925,10.098518242885154
49,6.2741944013669535,1.6488875125994997,-4.358040021269133,3.9575850751761665,3.6513601662669553,0.2786226319925222,-0.2902768317999121,-4.124912481509081,3.3248007680008027,2.635380667837234,-6.015723965759391,0.9401565676565845,3.158424140823139,-0.02676023037297377,-0.5611381021814699,7.510232122233936,6.795839943193068,-3.3081677139028858,-2.112322855380152,-3.7022003874803042,-1.4332494089985122,-5.756592959374894,1.8368037639637116,-18.98159491592214,-7.481009299653579,-0.25059739145628024,-6.424587687150038,12.342644726549981,-6.616446549120225,-5.880767855361304
50,2.9244515494971406,-0.4554904106070576,-3.1320058098319166,4.437835807007688,2.720854223676664,2.4941430321724964,1.3029881099145486,-2.808342891213265,0.42484850444807837,-1.1264299354707463,-10.025170422348813,-3.234547579521383,-2.620853739649007,-3.1450675686242837,-11.4895078347671,3.9917058691719522,-19.63203733642028,4.356142599158415,-6.202887484440761,5.184451603303504,9.779268648733519,6.647744143432869,9.891272718494754,-0.216206790420855,4.069807736672952,-2.1723949504357316,-11.999848172349203,-2.406479356063688,-5.875727000614175,-2.659201839166398
51,-2.2347510190958526,-2.5563871406495133,1.7587630784211363,-1.5606132970500333,-3.206418619041913,-1.040508671916231,-1.0170754158949786,1.7767369953984216,2.918031959645759,3.7438592456133386,-7.5430518716436,1.5559602449974064,2.286184789243247,-0.07853843241187503,-6.347886309697336,-9.649569405237912,-16.331384295151643,6.321285143812316,11.432427906198608,4.374372448928708,11.88012200005025,1.1492269989766,11.73883076414883,-10.353800286625411,7.0575540458143635,5.940939884248243,-4.806184216367165,-6.124293909102985,-9.246530401308796,2.2793011609071643
52,-13.173716337343478,-1.660012324788186,5.445344611766089,-0.4843726171548595,0.38187719321473423,8.714038688591698,7.742168293675219,5.298849321170792,-5.721651772710349,-1.0783158914188458,-7.129745928062123,7.129045066904712,-1.764647406459522,0.8398095243572187,6.26898190814787,12.272362922667927,8.578087151301007,4.702772993445162,0.7643094902346871,1.0717617083701745,-9.269190170442993,5.56723956375397,9.707438189438161,-24.471828603652632,-18.561229982087724,-10.75264548394204,-11.875160621224527,13.158274221269014,-6.913741220142818,2.1907682251029024
53,-8.375558842311358,-6.260056194433851,3.727660029059964,-0.09444015502193331,-4.292365973299565,3.724683980859592,2.447416264140153,3.9362112115841894,1.280061411962301,0.8179798799473408,-9.583245658797125,-3.3641803458344586,-2.1943893599757818,-2.7113208823407255,9.95456208356299,-3.2268868662489245,1.4945235647008928,11.846047338801267,7.807750851915253,3.2026732239311575,4.494161976918788,15.826050802561276,10.71849954602377,-15.684343198427621,7.690558848337345,-1.3191229889707217,-2.2594500263044472,-2.7736095267741674,0.6396671482671505,5.804303029179399
54,-3.3350353058153637,0.4071789390320579,3.4192180567943478,-4.710334480509037,-2.916951401647087,-2.5037391878133675,-1.2644500636444296,3.076217961663227,0.6833607140103203,4.640650136471777,-2.382749674941859,8.587810556217942,4.915451184973717,3.3522852169602633,0.23219531390175932,-1.0957869626291157,-12.66025670670092,7.529367762037417,10.051983116367103,-4.783670393271657,14.705920780335852,3.8042130447597295,9.313208367611137,3.106023727568804,5.13329342924786,2.1779168683079733,5.083685021708639,-1.5040252111232428,-25.22300471076337,7.607437415227157
55,10.895435003585424,5.519568232762382,-4.614809686582498,0.010905408922345393,3.117313603547794,-6.001601934782333,-4.605903760103942,-4.746449717579115,2.7374263661765066,3.5964085932948797,0.782584814521518,5.314548841686395,5.635877518839599,2.7137759207264116,14.988907942759944,20.39746305087861,-2.841749395454903,-0.2934245337681423,-7.932803474157244,-5.053917442286426,5.193943900203789,-18.594599928375192,6.138142422338093,14.492046926865918,-2.0132706184185345,-0.904731324105418,8.227307566402827,-7.6424171953426505,-22.12865606969156,-11.195952414259775
56,4.050717907718717,1.3847410714245179,-2.2097366776759233,1.1859795604125356,1.5243336280282305,-1.1967851757618555,-1.1124424370852868,-2.1545956214744604,-3.074610178353242,-5.1710966234129,1.6693587773749639,-5.369304037697591,-5.881719336458694,-2.8185823193533484,4.3413627889074125,-3.3525187041646487,13.133022035401824,20.97282088734199,18.200440412476155,5.975681503041313,-3.717047750438049,8.350717676253796,-8.673868980713111,-10.127132753158456,-2.3402884040897236,13.335930376473213,-4.826099178046215,-6.435639412172489,-7.0303753631285115,2.659841881341018
57,-7.96348663751435,0.7556833395747168,3.4061236626370603,-0.8114125645498387,1.3975770069933442,5.391222598179516,5.161936927011943,3.1903082514643444,-6.5138257265169015,-3.793833783028527,3.780347721543639,3.734274371790731,-3.0501123733327438,1.0768156453802502,-11.647413264661651,-13.931565949397365,-5.640783233177233,4.162013792935534,5.050880548626636,9.811443098907176,1.957458393190125,14.648541098328336,-7.688630014930322,-3.686205091669003,-3.001156278268026,-2.7204711285428957,-11.548545652769267,-0.25147116208147513,8.951979028724866,10.923520156771998
58,9.57421177883256,4.30110678010111,-4.867136558515102,1.8684792310404572,3.766831832078452,-3.4497052210595665,-2.849530154860377,-4.846959988736541,0.4350420340944968,-0.9235893826827374,3.8482710936726767,-0.7784435636709973,0.5463652896001536,0.243663054700982,4.4623906442949846,4.07872180587242,10.79306639876411,10.802527535752619,-2.396502411781713,2.4707539613197764,-12.054962869991638,9.693063513139348,-14.552604028561483,-3.8648873804803303,8.113975606965859,1.7727649094035707,1.153489015326796,4.356794635933629,-2.0558060408950745,-9.779037162858014
59,0.3822711996769723,-0.13617926042592027,-0.9762378630039493,1.8310344830159186,1.3122140859873201,1.6689203118738987,1.1252319362579464,-0.8588052745164922,-0.32862642439664835,-1.0361331153157793,-1.4056855654799332,-1.5555978923324931,-1.216651521418044,-0.9585901498695691,-5.990064125029304,2.500641137986215,-5.2078409115399085,-9.56640678778471,-5.486739538208684,-8.251835112842866,-3.4100849216198896,-7.463849448554692,3.1237275549085304,4.627463408336765,1.2525806708309333,-1.5953922329263501,-2.6373184041820816,7.982096856510827,-9.799716491829155,0.966185196176138
60,-2.3827993425086866,1.1299335025070272,-0.2252404963656583,2.3398682030973377,3.354219004671805,4.803935777392622,4.0556473796417905,-0.1938093315627374,-0.6950764258208263,0.1570206570378517,5.278590090862727,2.7965422301813883,2.408076901805038,2.2450434233312277,6.073338653673725,-3.936200761543403,2.1388794006106444,10.88720453427427,0.8445823104198944,-13.6350020559392,-6.710930831072174,-0.22265409265489802,11.144410219864218,4.40109480711007,12.772593677964927,4.2273753342996,8.332571913505852,2.6775338237253576,0.26507695656384145,-4.6535736259367395
61,-2.505002947050715,0.7882081960044548,-0.13425287736244365,2.2966852724997824,3.0307029882427026,4.713777870420567,3.9309194165414585,-0.08821495557908231,-0.9721150137207369,-1.4143782610426303,11.484514141317108,-0.14078427432443041,1.3410267994959701,2.096986936839885,-1.8224865237804424,3.5667190503845094,-2.192133534386634,0.40872960976133293,10.822213981723175,-0.059123249151804086,-15.47878157293387,-0.7819022889433059,6.510596981334235,-3.740374422534996,-15.970303959358143,0.13324899957591851,-9.094593477883414,-8.640167176726399,-5.504134897288896,6.856153108262024
62,2.3112669197330105,-0.5120081785285469,0.8223328736811129,-3.678921178914656,-3.880781171074,-5.976607885412637,-4.756823062097566,0.6795197095349832,1.779871992345182,2.200376579625467,-4.692563714694779,0.6315455489816034,0.6153578581771275,-0.44507608433937484,-7.255563888637661,-5.988603456764221,-0.8785374411745741,-5.701211924937749,2.820099423171457,6.305973967655411,17.79075330255224,3.4235419104908007,5.661719576806296,0.15653804005595257,1.1885101412212098,4.268365418710551,-0.6877086447321422,-3.225103986940204,7.409433977931507,13.02235092500402
63,12.874450505613813,1.634235066569412,-4.902767070139106,-0.44421978445817173,-1.1149315838949228,-9.518565005386654,-8.289236827059321,-4.812241197462408,2.727228634374203,0.49702100492005413,-12.430706356929507,-4.0441031464876005,-2.482352250801569,-3.973131427671339,14.954234047412287,4.479117359962439,1.9220618751178944,2.5450895016868094,2.028886007733747,0.8621502996598314,-4.238808205489762,-2.0961601536952172,-2.0024757896919123,4.2032952639585,-7.694856143684818,0.5124619842689224,0.5829670444186383,-8.430928906473872,-5.798741595464534,6.181533861706308
64,-1.4904034640985189,0.33095537479579407,1.8615484192435687,-2.856918411468105,-1.7853752713361926,-1.8855421393434295,-1.0867463587131019,1.65738194283652,-2.729895556729027,-1.2411662948044766,-2.7438840085170857,1.6825262835483563,-2.3875109144114863,-0.4963401351415834,10.34135805927699,7.8501762162256234,9.972714969209445,-1.3076716657117329,-2.7920118870390827,1.8177674460693114,-7.550355043476855,-9.44396330649647,0.3574488019234808,-10.422632640581023,-11.38191488295491,-2.8080583907856234,-3.7075002275816575,5.7115375431227635,2.660747368028229,-5.578506348497157
65,2.744654378524148,1.7308374878289545,-1.5363416151674654,0.7680875269494091,1.7210203049475323,-0.5377158029868613,-0.37925178039648433,-1.5450905468285256,-1.165499802188649,-0.4912904154972741,-5.404272771601632,1.5695827942568148,-0.971828526815816,-0.6890495021070518,17.086336521309864,-2.754564018973288,20.89665125734415,15.588659072202805,7.702842159078976,-2.9451902649311115,-12.66024717311846,-10.136989071916101,-0.39941372912956735,-8.618450457496632,7.655932022668959,11.308471260329933,8.963466076036388,0.8748736025986921,-1.7976523654925498,-9.19517997263368
66,-0.5886390274048167,-2.9995785485175066,-2.070390022262825,5.483115016704567,1.8840840867107211,5.279428928789663,3.2329691253918473,-1.6023406551463366,0.17304293241305485,-3.9087056157843216,-1.2163315633460703,-9.510428691506803,-5.017704713423709,-4.074449618917249,7.452008065026164,6.224234952925678,19.393733587032475,-0.5426939519581457,3.393446100750487,-6.470325648994675,-10.786914565435932,-12.213255512226977,6.209347016426348,5.278794851124322,-1.4752734046697236,-5.57730492242106,9.3425232298248,1.3951204032839892,-5.214714071439085,2.5238365342803566
67,6.969359392076788,2.3030619500244915,-2.6430125880616657,-0.48100366907550257,0.48284845941805765,-4.858087586381217,-3.9576375248889986,-2.6865549476251664,1.399944215094521,1.0447705106968197,-2.038121668554719,0.47153321262608033,0.9639710102896777,-0.1240282841400663,6.554998346757531,16.04947700624006,-3.363298850367203,-5.137490377814237,-4.278830187129023,-4.535388989714997,0.7321480884605707,-8.569955890755413,2.675514595525289,-14.11203222604877,-8.371100806023012,7.14217405703134,-3.8940590811066023,1.1386080504770615,-8.204222767933377,-16.53075491119614
68,8.096466196383432,0.030146631977644656,-3.058402467398602,-0.1814376935802018,-1.5236754492878177,-6.271441448311376,-5.642006302119557,-2.940418422649913,2.402471463696212,0.3335905366729952,-9.303707080139434,-4.212277728391496,-2.1783010299841585,-3.3444347369544696,6.244190455891356,-4.849780475926066,7.30963105223204,4.6497652317384475,2.1309648930968064,-0.4720554259579397,-12.248405720636919,-2.585881088170401,-2.0457699372763702,4.681478748781637,-4.022781933399492,-6.51519975984961,2.315398027594607,0.5869315401619778,2.650008593391118,6.993289177242948
69,-6.140779657029681,-4.543434609136927,4.028168827955946,-2.9077817471346146,-5.43309590395336,-0.36659913791877347,-0.4372545185954,4.0177063657489365,1.690397843803483,1.1059197647104104,1.3778544394193795,-2.798642839802751,-0.19544954870361314,-0.46459610286999775,-5.197060422413957,4.722823330945543,1.4296423479746863,-4.7907840771557995,-1.1464762960848676,-3.1277041018584937,3.9296480379931764,-1.3412665993495936,-11.70759342986343,10.21737312684421,-1.534941478108812,4.404020229389398,8.291296953330525,1.6394832707815987,-7.032951614528881,-3.2408835558561693
70,3.039226236905462,3.907612056410666,-0.9918144700450856,-1.004271585865055,2.1864669257410885,-1.847156503348149,-0.8819153388871442,-1.2173515454347623,-5.1499004736600735,-3.068917273645216,-5.014476827265583,3.5684349224579925,-3.708736094812847,-0.7563154816160348,2.450043966438665,10.455235803376562,10.125709919101643,-5.8892932611602165,-9.757740403541,0.33557943295529136,-2.072727467722076,-4.502787428857875,2.397556351325453,4.9263531139756225,-9.073953477978634,-6.600652334850392,9.472999338428943,3.0958031319827484,12.78912510782927,-4.88431646972912
71,0.500138429460262,-0.8270161544533543,0.9879305915709476,-2.4576181920866973,-2.850602584016613,-3.3991355740109026,-2.713312339425481,0.9027600274375877,2.755420113009496,2.1670528235654523,5.957731319847352,-0.6208947675054964,2.7600701016220897,1.393021741422756,-2.211450945575532,9.632344881104144,-7.234654585260104,-2.7736781041181193,0.6448668822487467,6.236920754026427,14.395613879419644,10.876438924033131,3.731279377201172,4.8528182444469925,3.2877059051931283,-8.866587513136746,6.761422778024841,-3.93724192762979,-6.6032928370418835,2.8321368074515463
72,2.722124920956353,2.0709111380759833,0.04384748772392474,-2.719398171752364,-0.8274495725527525,-4.214849322064929,-2.961868847025457,-0.1817365228311992,-1.076328794002702,-0.29204088909466314,2.6284780019611373,1.7366661123041522,-0.037311620261868926,0.799636112239304,-13.129996206554663,-1.393273784734907,-11.176148939611386,-19.028732488790496,-4.904800909033274,6.832075907400549,21.58884171879515,-3.8844330121171495,-12.711496704386628,10.036587271376321,-1.515058338141748,-0.898369317796933,0.35552803450575393,-2.4316524620275786,-3.1881487308615624,3.6943672602211977
73,-4.760259229534678,-4.287521261110157,3.5332747102813356,-3.03512191085958,-5.545006366117128,-1.4429848288244853,-1.3484391078088325,3.523515350264902,3.765370511111538,4.72468797771918,-7.71911429860892,1.2976281038290804,2.7347920514444284,-0.0005378697162939081,16.053200005621854,15.24371634984575,0.05968772319901067,-4.359037351940356,-9.289277038423371,-3.4812967848015504,-13.331663539366687,1.343680459389052,13.22018449580338,-8.826732778810939,-11.07794625010635,-16.596777313475158,2.1434678358891164,6.094857178968426,6.444085910940507,-4.568016292910107
74,7.761930386492455,6.137447657118338,-3.8182352530885506,0.8313353536432632,4.892012492426677,-2.503011792664596,-1.5064212789861913,-3.98807036130075,-1.4432603188433257,-0.11918977833376591,3.47078883756204,5.069142220561463,2.237063141985125,2.2943513132614806,-0.7903727402451571,4.324511949204659,4.191449284926246,14.222928415353408,9.333331028165311,-8.731813323514636,-7.58089402469819,-15.867147375874028,14.257526551282028,-0.4015672834381171,-3.8142027063073134,6.495271101216808,3.447852221719436,4.543352999679593,-16.073217414997593,-6.31447009162602
75,11.88553952359446,7.6185236566793,-4.9321207953040345,-0.45497882611636503,4.463340141537251,-6.430317539634342,-4.583747461293826,-5.191050214517014,0.0941298145961453,1.0640750473005125,7.212046628497824,5.432536378317562,4.1726198485594805,3.328952954814093,10.778176306605651,3.800845566652661,13.525260237829858,8.390913123363118,-2.2092160153956,14.453338795592614,-18.733415065248625,-2.4998243171483727,-6.105277623415966,5.658252484826316,-4.9001167528007326,-0.6804430066895777,2.6672416929417126,-10.27669010992549,16.531469689359948,-3.9071551633669173
76,-10.024248584885806,-7.8027338909678505,3.854104375977006,1.2621107626338282,-4.290451834799856,5.845022123963042,3.863982717998556,4.198875752774835,-0.025751314659237027,-3.3768409461192723,-0.35758715257498497,-10.475789682030797,-6.041214029256557,-4.220927908657797,-0.14272557971801225,2.2282179277497525,-6.0584593936686755,-2.4918340506101795,17.69019005555734,3.567273181494789,4.89787791443483,3.7901536029689287,-3.1620418266597157,-5.83299176723572,-16.691280920909776,2.3271618021624274,-6.45925425316887,-12.890582240395322,-13.836155675531778,10.95239919998863
77,-7.138322837745223,-1.3238239621370052,2.721250719038086,0.3037490361882992,0.2872626756467606,5.176170948960636,4.429421416780688,2.6975543887234688,-3.660361431674934,-1.1849874681515309,-8.706599479925247,3.2251916658709363,-2.5787627619731803,-0.856767057871397,-6.075516358158773,-2.693395550567219,0.08085814661804369,-2.8298528888044823,4.5950454697981415,12.84945922297549,9.048928321950646,11.955859690930584,-15.281970294155155,-4.449520977815481,-6.7095633842727675,1.3292024758076153,-5.237935266666819,-3.871991415597772,-5.112656839789751,10.866835934012531
78,-4.685183069884894,-5.876193012756891,1.0896781630179617,2.485984402938931,-2.4678250848877346,3.9350802893632206,2.179656031186473,1.4822670904456092,4.865150914700025,0.9825206521779403,5.667024206309958,-8.286080800366648,0.9198370784599164,-1.114374727835152,-4.6181785432600195,5.709590869068665,-4.158789817078734,-2.5574635426303725,-2.2846911510257266,-8.322139854116474,7.235430345389426,3.416143020152035,-10.467401182201568,4.04162259687059,-4.334901825559299,11.572321938877389,0.889902617506373,-0.9064933556012159,0.21327480209157512,-8.520877551879462
79,-3.783419796553118,-1.5415212389706372,-0.5927807531296172,4.738362329499107,3.1461327053071613,7.436965798039379,5.557563500176531,-0.2993196192069715,3.237797053461485,2.7283425415100724,3.7376105784495106,0.7533247939516325,5.019274530115486,2.125106464947021,1.2816642965879543,-3.779394565693129,1.357692287638383,-14.573586727639862,-5.55166195975324,-4.128494549725782,15.789077796631537,12.950438775955,-24.58252029902525,4.474779334812839,-0.9368408615112422,3.2680108777430124,8.135411169204604,4.669324568876771,9.463792060564463,5.155071841097913
80,3.62789499731058,3.666721977155021,-0.07444793740315106,-3.4721097427317837,-0.15739973359407952,-5.09318920585051,-3.3658166512949306,-0.41692663079632614,-2.5759099490345947,-0.15326454498253025,-1.755707873088652,5.099570777668589,-0.23166970591103433,1.008277774883486,16.091529986810546,10.770910353833377,5.753423746738713,-1.1668919763622354,3.319315824321404,-7.806500888008934,-13.335400167366215,-18.85401940045158,14.593770514718726,-12.32519806605848,-13.483829894100714,-0.4533718121172481,2.8182777071892353,0.12662578906627436,-4.870447702577805,-9.862592567138691
81,-8.279876976977434,-0.04490202885601409,1.4128519982240644,3.9367479163391974,4.621873335901881,10.525433034868918,8.742933893126349,1.5054678458565482,-2.9012268189657098,-2.0153080854710494,10.250585185501398,2.011148947073029,1.1207087294919202,2.6165903005504036,-4.127501234046228,-2.170747644616059,0.35686738391717915,-11.504457539157789,-0.1387761329462862,2.6347548702969656,-17.381057275920945,-1.9322676221892823,-7.332675781053839,-2.802836867748219,-3.475254346496093,-6.387445544540929,-6.358010922648053,1.428962553256858,-1.34147104309011,3.05158291674862
82,-14.626847047318517,-2.6463845686385925,4.87541711108057,2.1439540910194723,1.8963885795075734,12.302476452644774,10.318639176038968,4.909367543905858,-6.947149536110744,-4.88749566373573,1.274311935128379,1.167143540488557,-4.756334605448368,-0.26331754539766195,-7.159914925287685,-0.01195052808495325,-2.3620787167823294,-3.246236338477484,3.122880090864717,-8.772632166573375,4.315333926360375,-0.2673610150776803,-1.3387790293781108,3.3468785301352826,-7.739708743070299,-0.9611579798957911,-8.588664814256552,5.712373631789058,-19.451058316121017,11.256702557918349
83,3.1643291609216884,-1.4689350665088803,-1.3316755437019783,0.45317858299547886,-1.5057438837755865,-2.4589812727837823,-2.541036795464919,-1.173487207197678,4.277750529296781,1.7271575109127708,3.0819438678958755,-4.319981908097258,1.8123713530707044,-0.38283041358113673,7.68264555194673,-5.438236816519521,4.808409046980262,0.7243318712987048,0.21850867909300287,-10.23926992882239,-23.001589262899287,-18.50170519605993,17.85720894860255,-6.825851945461744,4.051462006569953,1.8199230442710768,-1.2139435715376452,-2.5472996051995622,11.685650401945262,-9.746078820080113
84,-12.19915448224056,-2.763027781620344,4.597368078271277,0.7117157515570445,0.19579295592343635,8.860143382570863,7.4683785565852805,4.595640202892249,-2.9403065331528384,-1.5858934131891282,6.985683334899236,1.2773325016726766,-0.3043747275971026,1.6660624846278251,-6.655836110016861,1.6978222944004586,-7.9026439038419065,7.920992068344495,8.761573258267752,6.018467987170522,-0.6047133104432375,0.13390734518453407,13.861829413952226,-10.49369479281281,-5.941628660761715,-2.4542582093400243,-13.062402850961902,-5.362637006313362,-7.885348447727834,0.32430760045259116
85,-2.792714275400865,2.3204925635674964,0.021212611494793806,1.9668568567559588,4.196762812920207,5.171443425566581,4.643351696524291,-0.04130892745417635,-4.996914167487579,-4.351616738608648,8.856397228636594,0.9804198173957027,-2.217596077157717,1.1410947274686907,-13.646876980634065,7.3642669871465,0.6465184117530338,-3.5379471583504585,-6.959454313199845,11.234909843344555,-5.0433524800076075,2.4923337414311098,1.009277218652488,9.111537630044532,-5.436012121989303,-7.527030527356043,-10.135646509270172,0.798835835898539,2.252887581110277,6.137211008923346
86,6.520558564724268,5.553362712428295,-2.1121205588428524,-1.757229120092555,2.4554711671013356,-4.641526589466584,-3.0144766868868595,-2.416010115971682,0.30444780859283377,2.8198896624565375,3.592612313422722,7.889005321897312,5.263854071871904,3.8842608091688064,6.367161692753209,2.599677710704132,-10.147352587786914,9.050926676354452,-4.779195575667562,-10.49498334101878,1.4313616460356653,0.8562489581896389,8.234339341148504,12.458853244881698,2.369616257716651,-5.447746558371846,3.0198020689438287,1.7806491293458941,-9.874176427078039,-0.40256931918189987
87,7.138998763332782,2.3573959609437276,-4.181539589066177,2.730507362136135,3.13645293099505,-1.4390831483431747,-1.4940494880729576,-4.0434641609630955,2.9844411842558567,2.2581674396294535,-2.2627687508215435,0.9290936062690925,3.218048626313919,0.5273982638226157,-5.736481110370332,-7.255325516251242,-5.319220756659602,-7.35761155606244,11.94586377307039,10.899651242189364,8.117793203092852,3.601528350456527,3.014927771899829,-9.784931259125754,-8.027366137864377,-2.1886592202642756,-10.097990373649704,-8.334319186281968,-3.6995980639138484,19.41245276078003
88,14.170105877298429,2.439398787476227,-4.4200316863674,-2.720780054944574,-2.477677344145277,-12.673923288690819,-10.571077403905944,-4.482470041409862,5.066070838832821,3.1523496392057258,-4.800671292016993,-2.0240963368357003,1.8016367139059144,-1.2298724578057372,7.038521466895055,-0.957183132811228,4.0085209158653825,0.3614726553351899,5.148099331067305,11.328094896715166,7.8246817068247285,17.644503190907788,-3.0659730081261674,-20.997939293862064,6.556034298747987,-3.800214213600311,4.446145695952692,-3.0717404569544966,11.24417554067236,-1.1719397662188804
89,1.7289020310955598,-1.1567960746862076,-1.1978713784018238,1.3298086077881717,-0.255727925789813,-0.29515597678944244,-0.7085347141756636,-1.0304305358872181,-0.2942427291680086,-2.3785408434879534,-3.2461288807210624,-5.29384017763573,-3.9303784857313246,-2.994573605296675,18.485884421561508,-0.42529996278688875,22.56284933309007,8.44800338855432,4.762281768465322,1.4710154531964517,-16.311609553618005,-5.169623373207917,-3.0890103317727546,-0.48996958101159777,3.6245357828600353,0.46104817792900965,7.524959129694796,-2.3668063869046065,3.6006289215317757,0.7158673160995377
90,-4.811613883510643,-0.8256067335821186,2.9944219954019373,-2.3418214071921177,-1.8344628164675199,0.7200862279082751,0.9963654236888347,2.830484788799567,-2.5014138678950832,-2.3285566565078915,9.023213036871095,-1.003267168779777,-1.7155100526231823,0.7831553250634571,-18.19389624861146,-6.759303098976916,-6.078130499276026,-10.99869929258235,-2.257421379896525,9.292942608780926,2.9021216035310426,3.8829510049703235,-13.797658414205165,5.632643017085755,4.8883587178538,4.199422558402547,2.401019506685423,-4.246280888738111,14.540850526082586,-5.224776191105389
91,-14.72616623792345,-5.510024191874102,5.300468322628105,1.7358777318997818,-1.0127001914328693,10.801336396681547,8.607026897146577,5.469046269493985,-2.8982590082190627,-2.5438657720173254,1.224461191490601,-2.147031643813232,-3.0817724693321167,-0.7845231148592351,-10.615669347633292,23.666508458713285,-11.508354102450117,2.575410625889463,-3.0545050416670336,10.73304472578334,1.426573782817948,2.4704707538091513,11.425212097603234,3.0282069357640298,-25.152656960753045,-7.922130498391146,-17.86771356817102,-7.764706054632824,-12.244276339533783,1.628484940458961
92,7.387449833775029,-0.8963141378094887,-2.755807732881744,-0.10058071975426296,-2.173030050632603,-6.014782486604747,-5.56571219094178,-2.59307270508821,3.137776556631006,0.2046416153634859,-6.34165078873963,-6.069832158188226,-2.1175700848211716,-3.384354638720117,-0.06707996545098181,-12.193723644702818,-3.7883132710928877,3.7569443639489566,7.966792421970999,-2.2765537034271306,14.228519234486622,6.672595512507578,-3.407863135060405,10.971628993986881,11.881141739058254,0.4769007568127809,5.9779613423962505,-1.420973391885381,-8.944118710462824,15.353094635925649
93,-11.728663462452806,-3.2139002719532965,4.105712466208374,1.456572968076351,0.31713797232375396,9.14659596777987,7.5106905017360654,4.17881567774732,0.47017737909554025,1.268607515484126,11.209678570763497,1.680074382016496,3.945910093212982,3.4576779227328682,6.747895960111264,18.693693792180415,3.7841528619803224,-5.644440720748457,0.6153370992720606,8.493548968612275,-2.5465632439090444,-7.400840522577605,-1.2469930016839856,0.38264924024993197,-12.168455905027079,-0.9394355195961241,3.7184480593989098,-11.374305848632963,-5.775178197154864,-8.628886186311837
94,1.1389044611086345,2.0427057645260867,-2.2189607720814357,3.5740441823406526,4.58255878782885,3.8716988452408607,3.101910801539109,-2.1118874425740075,1.9624052008471184,2.3842601232508343,5.371219573413491,3.5564424775038295,5.474994148638556,3.1386430271941785,5.902668969854486,6.316948430321589,7.682644359341825,5.58387333561957,-3.8607087542250085,-11.377962857746699,-10.592359048213977,-11.871044193197653,7.383601462682509,-5.749851968674868,-1.9488127756841418,1.4983647661141073,-1.046770073682343,5.12557635961263,-4.447228169266271,-12.661118847040754
95,-0.5714469100562316,-3.5855485910298515,2.2749245850071973,-3.9419788646867198,-6.37886735852028,-5.309633111858261,-4.564558768356228,2.2419624919562606,0.2528626791387823,-2.3420568892722016,1.1643678540559494,-7.922770732540248,-5.110106419841833,-3.3024092877033815,-0.4464590200606502,0.9972091175946616,-0.7658035751457674,-0.45576991751231816,14.668148749180066,2.319162586331546,7.863285207862146,-0.8505944976726952,-0.6975303984729317,2.0275437038289668,-1.9042980010236021,0.623197202534068,-0.36780663974111405,-6.1731984225494525,-21.88957665409115,11.795251468670683
96,9.186646706426172,0.7039681478020051,-4.565644957417503,2.086811367460586,0.7575661649711776,-4.335560457325936,-4.239889091862503,-4.339170504014878,5.061681535501833,3.361582740821182,-9.54869975757163,-1.5170596211766616,2.2842196511175246,-1.5467746407536767,1.9375016723660357,4.240705464953463,0.7393474444820138,-2.2071698399921624,-13.080655026522537,-4.17465566929057,-14.434538611443244,-10.95207323463212,23.357776994715767,-16.328137835255763,2.0210245958968467,-1.1521345470141937,-5.838319387740801,4.515619015606504,22.66029780503489,-16.61392658510738
97,-6.815324487693225,-5.590532282646735,2.3218476300546516,1.554254823227583,-2.6045243151274393,4.625599077433195,3.0350474814005404,2.611577064953262,3.959258030225034,2.090189774148549,1.52819428141771,-4.30998790174923,1.7741417220887794,-0.35578676485322247,-3.3239971651730844,4.801951728438915,4.440769238664588,-0.3079489653154307,-1.240467436136108,0.21681954635653788,0.13819696963103478,6.100984120642897,8.861366017278343,-9.071912418247708,-4.178750163317269,-2.4099266651148574,-2.9084875839362234,0.9992455417251923,10.682996620748433,-0.9551698183574688
98,7.991001349256634,5.041420812026109,-3.064018282125036,-0.8444944391987685,2.4860535497950433,-4.946280078835305,-3.550721580399623,-3.2641211151909135,-0.7153467409384916,0.09669006953763616,2.6165657986223048,3.4339245176139674,1.4848467487705246,1.5120705980451112,3.0362925544782553,-3.7502227736526814,7.2886316150063095,1.3093810060133952,5.9151963077510565,-0.37980570662318763,6.3912025116251545,-7.086276841559987,-7.028387480408121,-9.569115151010516,6.380523387405307,11.821242556213214,4.144851984095369,-1.0873586342297874,-4.476469566042061,-8.483010508292438
99,-6.2856890524481,-3.155148839655955,0.7272997614827638,4.21972223744647,1.6937874760535947,8.11250602336974,6.029503575241397,1.0410082378977468,-0.3243561515011945,-0.7407989937540114,-5.697076135536526,-1.7841093767750555,-1.4472009172228515,-1.5470211474613547,6.656496638723445,-0.7493303587168844,20.37635360786123,-3.8126983837249946,15.793643059379955,0.9249321829992498,0.3134696274144238,-15.82917000085833,1.1660468281126761,-6.194848374401945,-9.0161343217259,1.177574119229193,5.9528706060740495,1.337795346561466,-14.870603009725878,13.435547686782948
100,2.4740637766460245,-1.9605304195129833,0.9285762438641658,-3.828147582812835,-5.342282951186759,-6.833244932269461,-5.722237954333783,0.8605207260309362,-0.2627273659947829,-2.373376503502493,-2.365115865760631,-6.574652375659003,-5.418697329588207,-3.614964670342865,0.057305158321918376,5.2691027850283945,-6.487693496135299,-5.95049899420064,-10.510398809593456,-5.169196341982171,-5.808745805188668,-14.511705308622762,-0.06768246283344738,17.604941410113515,1.85909857697195,6.287916587599678,2.112913941344677,-4.705094837888863,1.1635817253892606,-10.128805481849536
101,7.5291772685023926,1.8924505916817047,-2.32874883373006,-1.5799522924655356,-0.8869734366338767,-6.646737877130019,-5.42056877538871,-2.4027104918551583,0.5521882579135021,-0.06838994211851045,-4.89606811162548,-1.0220151086103142,-1.4247027032748523,-1.5826166375141633,7.17444037953036,11.68000990342114,-0.310499853138138,-6.7122417349171295,-6.143060931298732,13.851892201644501,-6.28364929458272,-0.6620672866828953,-9.627024566869007,0.9207991459503674,-8.451328012078845,-3.681756583059398,-2.7386245097784103,-10.701611212164279,2.1787632600835396,-4.151808796195466
102,2.060598203765727,1.5514864604581107,0.6226093211395747,-3.3446826068932802,-1.69577477702929,-4.608653226216055,-3.272112762490557,0.3798904210592315,2.1377143743118117,3.6494892476457665,3.730134783372486,4.5761734791264805,4.840869430131957,2.987985579838561,15.693154766105113,-4.17466645623917,5.595525358020235,-3.7985764165402003,1.4232084047688978,-17.718719993455757,-4.587838963452082,-5.53692350146652,8.878741699702804,-13.904873788486103,-6.563492270621383,-4.177993546717968,3.440955165154714,13.82203068895061,7.275682445214258,0.7129433219119321
103,-9.341144342371953,-7.09122828301483,3.9964346949673253,0.2633048548459809,-4.583970250262112,4.51559713998145,2.9668173718304383,4.25600174287527,0.9478498593070135,-1.019458665335149,-3.308509041808589,-6.918347502168109,-3.5910348322489796,-3.080745348785271,-14.902834527043765,13.749536974368473,-13.061844930573514,-7.085990558619808,-3.6771934426445343,7.429112539550399,12.681700598031174,-1.457187346849896,3.857461292758785,-3.9167118679398554,-9.53501365384125,5.2465317770723985,-11.055005826111547,-6.422781514152474,-5.191661967253578,-8.07618647195292
104,-2.5545667254608455,-1.6381577278516333,-0.7927013215737443,4.148503021943952,2.3621083619146237,5.82801967052009,4.203057952929741,-0.5075545150269837,-0.001939337807963378,-0.3459719735345697,-7.679953512053763,-1.0159243396761846,-1.1279886431025048,-1.6518803119435734,-17.595787837687748,-3.95893113557485,-12.59191464546986,-1.7996352727521412,-5.663444465170973,8.570791063366487,-4.450825667511328,10.403332815454242,0.7343512695703307,-6.929869158111237,-4.781607459030104,-1.500591816387527,-17.549758702321405,1.7683316516006056,10.353433388884747,2.871485066753638
105,-14.515882210249666,-6.098859430941819,5.329348122907785,1.5843423166179988,-1.7062951681308791,10.245070684795415,8.0442538363593,5.525480741145288,2.1802484905070227,2.826644094151305,4.510538953193075,0.6817990735079293,3.946995512003686,2.240401662919294,-14.276532738920883,5.880285170225294,-17.320283332301212,0.9225301600370139,-8.45370163511308,-0.31954097717709545,13.33612262896398,7.2441618150526725,-4.852556133335987,13.366434943752992,-2.36649970387395,-1.0931875248580123,-9.75813939107656,0.14579507020930782,-12.691258081308488,0.11501059185695839
106,-8.120859670761504,0.15435792847026447,2.799377073053869,0.7402538645574346,2.1531720409446833,6.975818632540778,6.19633505753263,2.7023899945039926,-1.8258851889643064,1.536886576416055,2.177214060472911,7.2724442216751415,3.5409932809497815,3.4655712465565283,0.0717671851290126,22.75905065784474,-4.614329119998106,-13.176453559755808,-8.160087963371337,13.144336591108752,12.315698545381352,3.396723311821101,-2.052641412935349,-3.4853358848115663,-15.389425784290387,-10.788509634656405,1.5067007928155705,-3.476159221458249,-3.184954174833106,-5.413672473639652
107,0.664735456259984,0.8177939946411901,-1.0216621211593528,1.5453228324801196,1.8923341795833926,1.5187769918175285,1.1906179663543106,-0.96896118081564,-1.556328507713501,-0.5468186444151669,-9.001583706592728,1.7934676783976014,-1.5939145379156123,-1.2671269901098856,9.070347686255777,12.075759493923588,-4.614891951794152,6.936818486508217,-8.911829957846127,3.1137734051196757,2.8653160885445836,-9.530090633769538,14.064838845955897,-2.169946209708281,6.701316704882791,-1.4040083474604066,4.130638184930563,-6.54236978861374,-0.2535445979549028,-20.412204566811543
108,0.738900274409248,-1.0691625269073473,-2.0802260698947643,4.0846942425120245,2.2543557813732438,3.5071760985360036,2.1988327347417345,-1.7774970995960968,2.797684261583907,1.2639328157602425,-1.6036466497820767,-2.0218370464754756,1.753649542579551,-0.39120540838957457,-0.039204622950361034,-0.01956116207526306,-10.786596979110078,4.7170558867216075,2.455168839711394,-4.462231269459179,9.131928912541184,-4.811877280491178,20.97478980721418,-0.6164692208584723,5.8941252236459105,-0.6692271456399341,-3.054269376872853,-3.135761378059422,-7.411219633924015,1.2374788955188905
109,1.1681847595239288,3.5255365576416775,-3.2268345910473744,5.526402690197148,7.520622560481755,6.576699620177918,5.386525452995172,-3.091205471899112,-4.889809221344029,-5.309223402862621,4.709809287909713,-0.5138735659056202,-3.271844708651256,-0.2681530829641625,-4.319647534278025,11.566731124400015,0.44925825886416115,0.9312646895284683,0.43680975400705935,6.862118412167027,-0.44394384625985067,-14.518470049287464,8.942332799186223,5.304448214389581,-12.418454479128572,5.73484317114731,-1.693563383048887,-16.205163061356345,4.137117452942865,-9.821468955896258
110,7.2298090134820105,0.08169073277995728,-2.137198491650444,-1.468631191659444,-2.3825859455788394,-7.01275800179095,-6.048333083150776,-2.108905365501992,1.395992809420735,-1.2745032663785125,-1.5772803940372209,-5.880963444250013,-3.0731769942785845,-2.8453722266192796,-13.627280455206858,0.4745694327700812,-19.817814818677334,-4.424175328500415,1.3856499396996327,-5.654392211130496,6.674184067728752,-0.48322498109279854,22.201753412058434,-11.30265316796339,2.4704032933345106,-5.234791942424408,-14.044580408136257,2.9536755636077445,-9.306645160597022,0.4145932814151101
111,1.6436924712367207,0.8778300801905302,-0.5125153765152342,-0.4068095268145407,0.1761559854533146,-1.3359614392942378,-0.9964222741105307,-0.5580238106682541,-1.7979710530616229,-0.719829681556325,-9.533872708695375,1.4722718282911178,-2.4587547361511963,-1.6801148759298696,3.447307768661897,-12.95506203976405,1.1396573679166786,-3.759894243649852,-2.018247449516909,-11.757885030319112,-11.051034206634657,4.581320808592515,12.825664879733909,-5.543640479171676,18.033562356324236,-12.472383820880307,11.266831646182883,17.04245782882408,9.080464172154016,4.654972032628331
112,-0.2716032539725945,2.764050895269686,1.352874573080962,-3.1492890907582765,-0.03425369173869438,-2.1640556605905186,-0.9126848755234525,1.016325759440317,-1.5848345228580936,1.691154779775646,1.1255453409529725,7.374000592808515,2.7627946214328043,2.9282076811049267,10.329156505592167,-1.8045732306515114,0.20879856663163446,3.6386368415798143,-8.849188819273849,-14.97431798350852,-3.2088281469313054,4.799224905193641,0.25762608620057215,9.966096197967358,12.128998204892717,1.24112597612622,17.006259307204733,9.398527322554902,8.434864629440126,-7.787431365151182
113,12.413230409945532,1.6292294007803918,-3.9115552603774124,-2.219521867713907,-2.4955397808976487,-11.122590506460707,-9.388168015978342,-3.92871626793528,0.570121701120617,-2.9064693484272612,-3.6021086934200737,-7.768011204406503,-5.644317112859774,-4.457200180035456,7.599628183529963,12.04024096036824,1.987948632182281,0.9136780059300691,3.869441939866586,11.08453131452778,-14.33835551097175,1.3719660292867422,5.3591033788397695,-1.6146401575382734,-5.8322591760265325,-11.259852234568022,-3.4632781084335567,-9.988638313063044,-8.214474064682953,3.8006139205456106
114,-5.277925443569443,-6.145023421913299,3.32359053247471,-1.8544207958687275,-6.16810072164873,-0.48957871308937045,-1.0017012163745687,3.4757591817727445,4.475757110150987,2.1665095631534754,2.0821627546072046,-5.92488988481276,0.7403268233229152,-1.026219039964086,13.446102668835794,20.321000011981535,-0.4438267445814431,13.000586791482807,1.8412948475022375,4.2948660632277305,-11.25878204727449,7.713272789413642,1.091276577885887,9.127255587531964,-15.804594670401176,-7.700540564076553,-3.062981403401469,-6.916930033538397,-14.121853586345877,3.3218764776682606
115,-4.41470213663673,-5.145578768760302,2.441307544972206,-0.8097914681367206,-4.556372044582857,0.402005463856439,-0.251735969332209,2.6108931548194043,5.208231459836807,2.5017990422547305,8.470472533958107,-5.623561025222006,2.804454186695703,0.512476991927824,-4.426684990422626,-1.1263690422667219,16.04991877705342,-0.47839802728651376,1.0069739196646323,9.00935601480369,-0.9160055094187529,5.893502446789733,-21.23365256225703,6.600644071434213,-1.3218266342789313,0.5185692611519516,6.257845098646703,6.918783925695686,8.766238525200222,4.14641718917856
116,-6.376451840695594,-1.5890475061249953,3.265718265106201,-1.4919468530491056,-1.5573870945392987,2.528170072328266,2.3492227847420937,3.167287979876134,-1.1531820279512501,0.32863392327173807,1.4266401611150796,2.1058732393119945,0.42333700220389625,1.0807376793712171,-2.63785703497688,-5.498085085907214,-15.928995550062979,-3.8652196966062538,4.809510888682351,-8.289832865626598,7.262111463711122,-6.029596557064554,5.920974349129256,-6.082134211703327,6.72945623197261,5.286905074838558,-4.53992724862174,-0.6745136894472468,-16.288168679540206,-3.228384287902584
117,7.395267788409836,2.0346036724133962,-1.5687530453129797,-3.1496722609129746,-2.0224847337648444,-8.213109834525708,-6.50427359161738,-1.7416913994428789,1.9281212941187442,2.2367804129667106,-4.215992417236623,1.5228209583669023,1.3041453713633173,-0.08792066717035675,19.60993516031013,11.731481739102986,7.400583644242974,10.88380757523579,-4.473932242527014,6.187973679926478,-1.7181376702087152,-17.91273223764562,-6.713366015911445,1.1384535275636665,3.474682433995178,8.069151339325195,12.029375574829333,-11.108511813030399,-1.2878322172992895,-28.4360081278316
118,2.184626169892081,0.20780781535636297,-1.047342147112366,0.4061601897484504,0.14282926023205,-1.113993486022027,-1.0593142772266502,-1.0008368570870934,3.170625416787809,3.9341211496713115,-5.815992449076878,3.024431497031837,3.892851288383703,0.8761430811717671,8.809037947047315,10.412942204954396,-1.8930993609506448,8.166210810520854,-5.715896484227199,5.3251132918847315,-6.477776370288434,-5.460728809242587,15.545668596299112,-9.901809967182428,2.848275317385899,-4.596654716403845,0.07169280069442485,-3.2315383165410307,3.3282130769281992,-16.04002633922157
119,-2.1363078607792088,0.2016623155171156,0.9488341292161643,-0.2942422655570084,0.31116262959440516,1.3618009240320705,1.3233837886582238,0.8866604277325328,-1.6580422540679849,-0.32631749940004867,-2.7251842009175093,2.229060119607181,-0.5988633020742385,0.12275541362399071,7.871867292161841,-0.7484044387308582,5.233361846156552,5.044970360046654,5.360352317093956,-9.739212213448843,4.212729693027956,-6.344517476995328,14.548602495515778,-11.236379536097267,-0.34293998115105845,6.895710741325475,-0.28554012258521105,2.252793397921311,-2.323676632494542,-0.9055271884586172
120,5.286798466550038,-1.8160495446834473,-2.3252026403602457,0.8790580156114017,-1.8381877412230418,-3.723179713906937,-3.8243188908641135,-2.0895128277397954,6.052360418071081,3.0486495464370402,-1.0818269503094304,-4.844461888979537,2.470250449734347,-1.052630547947157,4.768407980095262,-1.908015168784829,-0.7478635973163856,11.679792100402988,4.686357453650673,-1.3623051893541407,2.2437340709603375,-11.422398652563183,-2.954435047863763,10.351177128538795,0.8153875061905773,12.268845182877591,1.6323297875779854,-10.350626801352437,-6.860927138847851,-5.164863095143749
121,6.078735228232755,6.623862607463246,-1.7743760102467099,-2.28445659565084,3.0684112671990156,-4.466600508482514,-2.5885698086533107,-2.174785780401282,-1.4396352270246078,1.6410301724817924,6.512902841546755,8.876965194185072,4.64615003009643,4.461158276999353,-8.78509195172257,8.241398540557233,-12.388067787131815,-16.38125666039285,-8.149950774249112,2.121293342437061,-4.041855870725308,-9.531215793573205,10.099114650052815,3.850589104095482,-7.018736504664305,-12.237472868058209,-12.076684854747867,4.320853182010905,-13.701060634593794,7.592007421354062
122,1.3693630978294498,-3.8973736972452904,1.6424351273779394,-4.15681280182093,-7.173372977276953,-7.126695621839006,-6.215248309869429,1.645801831638425,3.7808530637147975,0.5463591815622794,3.6876894263414206,-7.875993863731364,-1.4544790503401404,-2.0552698058991004,-1.8803204270867797,10.474723868159868,-4.619070650281375,-3.2495877914806868,-0.8102954022154666,-6.427097466481997,7.952245178481469,9.812197215973354,-5.901247656463803,-3.7026292093800026,-9.802414143991694,-1.862387329741228,-0.28063888590503844,5.308381008226036,-3.064187779291253,-4.205636764100499
123,-3.6508155525963355,1.9409353318475322,2.6116494828868166,-2.9111613080468492,0.0013289348361867279,0.31247531697327224,1.1593010047890762,2.2801564676245207,-2.2895162947188004,2.1834018664621158,-2.7234684577110735,9.36962475071816,2.858054034372028,3.021338007023526,-1.7022426712027734,-2.1984386410219168,-6.14144185416013,6.99499564754712,-1.3921962188376273,-3.840583112500114,18.412582917449743,-4.199917197251367,8.095706972277227,3.6304955954658595,13.248349139557533,12.91069511591205,10.473441901827895,-6.02310732367686,-1.570053976775043,-12.374748200793261
124,0.0492307353826938,-0.7260534328148487,-0.7993281580345137,1.816596335353233,0.8242082420778332,1.6710148346521478,1.0408217350502245,-0.655236854566045,0.5416770607587331,0.1026753679409633,-4.528476459787949,-0.9338626630758102,-0.5173966380195401,-1.0737889405926908,8.387156701142061,0.5922725146180753,13.768594846264778,9.18811016991476,6.708043441686868,6.7717445198179815,-4.357600225977758,-11.597472824224383,0.5862725857313514,1.1252340922219082,-3.9376676300747144,1.9436081478733906,1.653911536688907,-4.656806341856088,-4.486414751348879,2.435368129227882
125,-7.399010753211981,-5.856996457716538,2.1931573231198374,2.3710502985316757,-2.0747263999388394,5.855814652051499,3.9460393495533355,2.534613729673795,5.404078233046599,3.266778839859687,4.870883310526803,-4.070387107719404,3.9799438090382204,0.7790500657308187,-0.7955856203763786,3.775071851743478,-10.317915972317044,11.589836029238057,6.365450672172175,1.607418674219981,0.7863862926409236,-3.372007082531838,3.9933907411873717,10.427483148516249,-0.41662811784222054,2.7583742258387853,-5.5899787309137166,-8.736594787012738,-19.947787121308608,1.799495791837809
126,-8.026290991283153,-2.334788048204728,3.466222790627289,-0.4179506140051649,-1.0657661911508065,4.653104958907506,3.9470151965503164,3.4436459299403173,-1.1994044097763004,0.7929042402231006,-3.5041687119520573,2.9385371209308597,0.31798850974885656,0.588845912553766,15.034852000026913,-0.8968465819258442,10.088929318699387,12.519722414796666,2.463721598013973,-6.618301277972667,-9.964874681814164,-2.67592030290728,-3.3029079723590247,-4.067935584714113,1.44285513154609,7.430326424847848,6.191994240338407,5.245628926838437,0.20712943370939332,-7.603205010235567
127,-2.992258133137517,-1.6512422820362258,1.8502113095145307,-1.2565409665801044,-2.0066937950715387,0.21898281227270616,0.20022841752364873,1.82288886432808,3.120451099931443,4.758140895412093,-3.997582561004192,4.098381815490201,4.7085889403672,1.7911893366663014,8.216503924782922,3.0299581674503466,8.2057847520081,17.16699135417184,-1.775677414847808,-8.033128833368236,-2.7895946007486017,6.449259532377323,1.0220701007177901,-0.8404512240559422,10.917897691826486,1.5480609495845632,10.59282643054277,11.43591832037228,-5.815184767598275,-8.45744039696822
128,-12.57370626990747,-4.360628638419795,4.520005158435371,1.442151675625194,-0.5861426745776132,9.314138917642442,7.491993584354971,4.642535196945521,-1.3645314742118932,0.3482845562166601,-3.7188846562834343,1.7968896834742574,-0.12588282960976216,0.2497601917863512,-6.398874363634417,-8.698685322159262,4.85338640330259,4.2037577596861055,-0.1503861745394282,-7.228303846156693,-3.4723604721880155,6.4295332950881425,11.93065408106345,-10.58094873368604,3.1778868238876568,-0.9555977069355266,-5.7882834310111235,16.665019208580496,8.920684815151288,7.446819075394144
129,9.405232207840843,0.6412776444915189,-5.068679852483948,3.0108457819397905,1.4207907152113093,-3.5102525242656557,-3.6864546618032703,-4.782866518841094,4.165719081573607,0.14315709726341935,1.4566849219154718,-6.573003145029823,0.256205187371255,-1.810572189293434,-2.176327345548071,-10.661785295754525,-2.915762850003674,-6.858226672964317,-2.022416416276717,-11.794538730717623,-13.190338868882513,-7.003020736019706,-1.2974311593884258,8.796297986697436,-4.385825725105531,-2.13828124300844,-1.1901270103613553,3.470300831604305,11.037325934045166,5.456254645378785
130,9.419726181076996,0.08862374561290706,-4.023648163890538,0.7981962490767599,-0.8965043303146637,-6.167500491367049,-5.735045489855742,-3.8321889358329218,4.802555407256299,0.9725420873110223,1.2703661034468352,-6.483382607175552,0.5167441475854746,-1.751798957692603,-1.7722001296574155,-10.31190823608724,8.535670171827094,-8.839109573991417,7.345573944625002,2.3079997216127297,5.028228337695541,8.428634797811283,-19.051996379401626,-7.072655807981051,5.978954200295387,4.370892264492203,6.471513395307926,3.8311178278918083,6.232406273187889,6.312480838452428
131,8.184219647031284,1.0260804872167235,-2.0108848116520677,-2.6979424006117485,-2.701368384315911,-8.707348185000697,-7.19504366535349,-2.089457031183005,4.889633893161472,4.773055535509994,-6.339207875762713,1.444361808853582,3.7355938526527077,0.15058656393791112,-13.863740888711481,6.891158707623832,-10.25636627451529,-1.3547489673728967,-13.528881239302674,13.662783993381627,16.86785554797073,-0.6949432731761164,-3.686826753271013,13.330426086016796,5.770497335908555,6.506138070050062,-2.139177174495817,-9.785487319806528,2.924186299574214,-8.542287316123604
132,3.695731523130471,-1.0849526208637215,-2.954185952371688,3.4913312284077067,1.241370763245446,0.6277211908890515,-0.2940203280941779,-2.636736100630033,5.49125189375027,2.2652040323360145,5.563662143446866,-4.501418228333615,3.725320473108565,0.40372910207077634,6.371044325655155,2.4118643035057534,7.2304366927226384,11.030663885445689,6.094558488759952,-3.0873097262869154,0.33565256535756516,13.857862565390416,4.849813102954505,0.7936527614784332,0.3971807756300861,-1.04984151160973,3.617128080392243,-0.7798306031659353,2.2998219082461673,8.32864417514387
133,-3.680598676070017,0.32717228855199115,3.047837662491546,-3.5932655790194605,-2.013387360059726,-1.0494342772671483,-0.18230202793695227,2.767020578952787,0.580857362744891,3.3595894451784276,4.016798076244306,6.3227969343381725,4.657993849238803,3.6298761212981896,-2.8096956955190238,18.028939061892828,-11.058748371500096,10.706651692647048,-7.937396678068938,1.7958430263608152,5.658330662786445,-7.722652629168991,6.410202848323092,6.3617065128473005,-10.308214217710155,5.9280574485829725,-9.484853046674028,-5.244102028544579,-13.885004352562776,-14.687824196688272
134,-5.543409835501896,-3.283513123531423,1.3264342715296022,2.3002332947337343,-0.12513512261349813,5.3972498549285195,3.933833084383744,1.550466957316608,1.9702469312676756,2.657207333778649,-8.788103888357954,1.210197170554627,1.7184827749833247,-0.4115361646790026,1.4486183158098098,4.726795080086598,-3.859451500841171,-4.572943735615172,-7.559420489208504,0.6504609879345874,12.264872250115378,8.285942874075685,-0.586802822981347,0.0026938037685567445,-0.7269620365612056,-8.190365344196003,1.712893285985225,5.896584450965661,-0.08385898708510087,3.500880088644824
135,4.390251382808496,-2.253363184902916,-1.7409074442155645,0.4283695429431692,-2.4483116749612694,-3.716392328585964,-3.7940941965766584,-1.5208029938196719,1.6290757222073493,-1.0301553270149713,-11.233340036537777,-6.760274151829407,-4.578598283421543,-4.84563401755387,3.149778982885005,10.683090948304837,5.643438831126366,4.421634552629316,-10.612427487154038,1.5725169369801284,-3.8819904129673692,-5.292045357481203,4.620501906314532,13.470034603700732,-4.769803860700684,-4.133084525379838,0.3546788068209302,-5.307731236695245,3.78570457109733,-2.8503679131461004
136,-7.438937815489092,-2.727317484025226,2.1173737706761555,2.0929792810150754,0.5365250946934873,6.8132304233408965,5.342512446805306,2.2682977413976966,-3.5384799923373804,-4.151535171695573,0.15669556825460684,-3.6016113497447146,-4.941763375654906,-2.0094556775752537,3.158574145317674,1.4937096710047837,21.178230461910875,9.227007976591137,-0.5475114769450347,-2.342214680013181,-10.011540649196766,9.388586818298137,-13.804182887891285,-1.249337090465075,-2.892912469991889,1.2310450636683445,3.27489022723774,10.567588612235975,6.953445375725783,-0.5257740992712712
137,-7.844737650361152,-2.291349520196864,3.698568661501581,-1.086445839168447,-1.6061389523052818,3.8000166248391327,3.3143516134669566,3.638621118222065,1.274529662356347,2.1232884020760787,9.84617650184446,1.9494901483495983,4.100540705383292,3.258893391666653,-5.278353517051727,9.148878811515099,1.1402228185530925,-31.39445972965289,-0.9517518241277787,17.575912479161268,12.852119062982696,19.664933412513584,-13.645172479229707,-4.841001578229236,-14.913131576849896,-18.34040698191283,1.3878599972445491,-0.5749108090366901,7.467149419789008,21.317306026320537
138,1.7007848378532286,3.685441378045098,-0.21233304250210833,-1.539929306721614,1.7778926207007704,-1.5168345785659596,-0.5089802373399265,-0.47733141426946024,-4.594234254624546,-3.9470029176724317,9.737466683662417,1.058548244848278,-2.3684411078759533,1.134724029211027,10.668859932432241,8.177687278922138,14.339138711254813,8.15883337492997,4.272720589278925,5.283199329957511,-16.93289863426401,-5.0184422496804855,-17.357241134738572,5.169341388648609,-15.69440697099551,6.544289908541856,2.309045032600558,-5.979469074819394,0.6132861568734529,-6.453594103886735
139,12.332822364440865,2.9391271798094447,-5.411758092852296,0.9285620734012886,1.2856470924213828,-7.090798024626206,-6.166746182026264,-5.324768647999435,5.558847538869242,4.464099916225013,-5.682525814379764,0.9193961669067339,4.602268678228733,0.20972044255795863,4.4949160439282405,8.961334230149458,-14.754873168651647,-22.582750639963656,-7.523711013972152,21.749452338592615,16.1954693350151,7.949404359979976,-6.007221419308296,-0.8005669132962767,-8.389332232083634,-11.20450587105608,-1.4719940675352159,-20.25842638973457,11.35069071305411,5.618781155405516
140,-5.037534571538918,-1.8672102255749312,4.447337542041049,-5.167795239180261,-5.0556229887922965,-2.622283417828387,-1.6242329374657127,4.177651523485063,0.8147220482976375,3.176126684101424,-0.9002678787100477,4.088943474408976,2.473624008535628,1.753773344672718,8.161118957792437,8.80502185929047,16.248307201446565,-15.71003354213296,-8.449037887292537,1.823476705845779,-9.425960861590076,-27.422918197452514,-0.09913072412672812,-6.074515695649633,-14.599282651651333,2.2021032950099104,3.5768827904506972,-0.07673201634451848,13.322768045401661,-13.083093612961983
141,3.113504396968583,1.7502613257182644,-0.6856379686394123,-1.4073961777062796,-0.10942696992229779,-3.195138455308768,-2.3489326468746006,-0.8127799822865932,-0.12168389327734501,0.7978103414619493,-2.3682099183420022,2.345521939743082,0.6189858867890342,0.3691024608112552,9.258495979331265,0.546928639192232,-7.409320564853695,-13.599428627589603,3.835997363447236,-1.950878913115623,5.786790118344759,0.9350461156030728,7.485007986575814,-4.959485777215512,-2.070377135381034,-2.0839337380923713,1.1672519858399113,-8.357452995359312,-4.289638670816526,9.780970160304621
142,1.7876344141253862,-1.8695813981464944,0.9637603780519516,-3.337070852700809,-4.738356720929218,-5.7425756290794014,-4.818459206230365,0.9074453195044675,5.20030805029139,4.546381406998524,0.7413580040741855,-0.5163719226883541,4.078729008371931,0.9253559876966133,1.5363556096865334,16.37992093010121,-8.596863570071436,-10.029125213904646,-10.065159697199114,6.124607552378571,4.183606315676152,2.48262073235243,8.485484338575976,-8.29992752646235,-14.384923697969977,-9.737495663210659,-12.884686903171152,3.739922268726488,1.9468210939928796,0.8707336072111003
143,-7.289119354282314,-4.686545956662606,4.416075098358725,-2.7605699394854106,-5.243011004996856,0.6015516067802498,0.3889329355125914,4.403484941373855,-2.047759465953941,-2.721857805428897,-2.5781705637679484,-4.879393934779851,-5.581620627088096,-2.948938890137853,-4.987972903883333,-13.037968972974205,-0.28146541215276166,-6.754087785610684,3.4704028062354513,5.803136037998482,19.635134333822403,5.125566984890584,-24.370630559889506,13.878402799598986,7.992674334769619,9.520565589915739,11.965961027336098,-8.537695944137063,6.36266229203822,3.911651548429247
144,-11.062366378551834,-8.28037362302639,3.2626005485490706,3.5081736197173714,-2.7009061189663766,8.902372694544123,6.112643866676032,3.744517856909255,3.877692007737254,2.744675947742289,-11.302272901492426,-3.936276835872493,0.2856074821875626,-2.4418903490063326,17.237426928836506,-13.955347844333373,-2.0929120405875272,2.9219669623080273,-7.298360046794794,-22.17076216430165,-11.461112222364534,-9.601463336170369,11.506348726902257,1.4202051741636394,20.657948345499573,0.27705630478217835,14.862049932656316,3.660542999064064,14.963038675426501,-14.409403803425747
145,-9.954001579017259,-2.425790001548131,3.0259226375700146,2.192637300169305,1.3267038660252783,8.93134362377226,7.287494288435759,3.125350435286789,-1.860571310522991,-0.6337809422990534,1.898870904482874,1.6095444131764218,0.2495261632298437,1.069429711699873,-4.793770321043756,6.055131034298937,-5.411969515515765,-1.0401554858315931,-3.876492876092334,7.963165176366855,-7.833917307208161,8.064549265428704,3.1384495439304283,-19.752360792891015,-8.923945797898124,-6.715747382685014,-15.153223198919186,9.429410480065101,7.441499711444742,-5.019995354442356
146,4.887620097368501,5.200956025450493,-0.8734329196699208,-3.0273104275373517,1.3777213775005777,-4.947328532268606,-3.090669428894156,-1.2558655730092578,-1.6216770799564253,0.9856779400136328,4.639324600245386,6.931764782444172,2.8797810178402172,3.2258088052782616,-8.540958582413072,9.364526349973923,-7.49981334955531,-11.08601940322116,-7.930746252602888,20.014334524319967,10.2022952564197,7.472305572052475,-15.596089192661072,17.61452480373645,-4.91861243191469,-10.222458723760212,1.0327016816499008,-11.01452084649256,-4.016155079483501,6.2765584916248685
147,-12.775571178641416,-3.1863147421747247,3.9797582254632204,2.6151805649168423,1.4736003202445034,11.215902370260483,9.15807914204618,4.100155063287489,-4.693822546777851,-2.1507794638880813,-8.743691769009727,2.658645050338247,-3.342361774825304,-1.0570449075413717,16.87935460317503,-2.1539358105185578,4.646085132610231,-8.299686727605485,-2.631497982209471,7.684150516909448,-1.6117385988785262,6.042249878576672,-3.202781356063328,-7.604349159553117,3.549974287689543,-13.370616743133077,6.0557736629448256,-1.5066813644920747,8.89288633416683,4.524697989682763
148,5.996497970785186,1.1304536567533328,-1.7585075781243216,-1.4111268179069751,-1.1726992521397641,-5.6097977540822335,-4.629958378773901,-1.8051050872665086,-1.2499779598023075,-2.8545500847375322,-2.178228317518424,-4.208777711678154,-4.568837698346144,-2.8038719943309642,-9.353612654577065,4.078669731026634,0.302863597977517,14.399808087288246,-1.8300483582971137,-2.368124903655967,-5.090334934143125,-2.411263554047096,-1.640201209526207,3.79721008534317,3.3972467472591683,8.730646858129521,-3.687668674512847,-0.8703559865571467,-7.250880746815753,-14.09763119413631
149,11.673702973353093,3.720175299077682,-3.435635558251375,-2.952197964122198,-1.076021748374651,-10.547554683515681,-8.404274747604047,-3.6225115573594637,1.0472801812075607,0.7368096373341767,-5.095386668917737,0.3325418957544935,-0.5138357831291356,-1.1193849281477914,13.428510781928562,-3.2765623669790056,8.240984460479915,18.45421946637611,5.179408173146535,-7.24921661739284,-13.939729098102568,-9.12417022602257,0.79001199645754,-7.598325742627456,4.571867667464321,12.273795986439527,4.844282274761493,1.777737244075575,0.0008433497070760021,-15.322473140611574
150,-16.77140579077292,-3.0301077463171033,6.081852106317887,1.38285785248873,1.2963268462916497,12.927484211711326,10.979295459112093,6.059622861263341,-2.271357848718403,0.02679981120909264,14.926919687999524,4.1789167652207935,3.685201571591515,4.79123401858687,2.6466267616516257,2.4040898177185857,7.235517255478097,6.663177788521647,10.7806188133795,6.448201219644507,-13.976980832804786,-2.670531508180133,12.146655108795567,-8.7924332748234,-10.854128319851668,-0.2924920506647295,-9.365333384932047,-7.037718860383802,0.13222267743685956,5.74935847421711
151,5.407491994909818,1.6889066383847522,-3.4818475278672207,2.7705949812766297,2.864205666655276,-0.3572118567633029,-0.6228187242143989,-3.3320942669770695,0.6287813152640058,-0.860883522675934,-0.5164233819931698,-2.0300218046070997,-0.4783177893485508,-0.9082360847428964,-6.067802225190829,-7.557099843540824,2.8902561872501873,-9.897224008974597,3.730964167424053,6.092653263161411,0.5776589558617653,3.8864354334194675,-20.338342261167778,-1.706718128459478,-9.37455954770607,4.774801118132478,-5.144034307521057,-3.6892592098385992,5.290590538253733,9.071933392794172
152,4.890187345863603,0.5913921682450081,-0.08583514610727945,-4.047938477319232,-3.6314523243562205,-7.885030882089185,-6.24543674097026,-0.269557697075901,5.031344787014442,6.213802813053719,-3.9692923457360494,4.208519544932864,5.858931184836577,1.8971057487590723,6.364236958359809,-4.716351362224614,-0.9337941838574056,-20.25386799643037,-6.204680798635881,-12.051246925563422,4.575515340670757,-16.493163244490173,0.22326815572847974,-3.7833904689942113,-2.0158998569687583,3.154947935683559,5.952509034579762,5.7038259290290405,6.8731483457426075,-2.553005061315168
153,-1.1291714848656211,-1.6067480259311382,1.3328289516627723,-1.7115180605838385,-2.6622121149461555,-1.6629269250767085,-1.4072784292585283,1.307158687052971,0.6945718503861178,0.9569969153408557,-4.937815930083445,-0.26547649098785775,-0.5646784631855595,-0.9318759825777326,-1.6152122471384687,-4.945507544928801,-6.504120882197255,-7.918322900936978,-7.019133802435182,-8.808356499916433,17.973776818770617,-6.911839277616408,-0.6824307426162468,5.665711471639312,9.748023390686479,5.643621819057828,6.134979637357782,6.658882770933123,1.0563863247136074,-4.167471344336732
154,5.167596733170393,-1.746745945395407,-3.3668044756927507,3.2467291267754264,0.1869400544297653,-1.0074593879118314,-1.8268597550151935,-3.002765335832935,1.500988499153028,-1.9411298841388138,-10.256341964814835,-7.852589621324529,-4.780676343014838,-5.0725557650511925,-11.734028437760163,11.288944138093845,-8.374277507680269,-14.105368535513177,-4.118127722636629,13.400355978364098,22.142196931275517,-0.7637424297880737,-5.110789332801403,-3.563959419767265,-15.172252213416124,-3.9810084158994075,-15.163656977438661,-4.980001051412671,-8.834222418235896,6.412592801975497
155,-6.112645987227314,-3.8909515201864546,1.6783781241695257,2.106027180495084,-0.7355625144095639,5.372597556743933,3.8585097504932855,1.9160730577298828,-0.5952599124905609,-1.5115180946880402,-5.050119641237488,-3.702874785431283,-3.1366056135861577,-2.4131022937407405,15.279310512229284,-5.705162716887256,-7.336799621587682,26.331992023036538,8.619403608752126,-13.598369568760795,-5.0689221684021195,0.19765762679697493,15.552361900720474,7.788838534431291,6.968715176465349,7.847833384892038,0.7987791109136368,-7.282114137572681,-9.957123668634962,-0.18170961422661924
156,7.833756640534165,4.0277482878972855,-2.9099926655135104,-0.8932491064299043,1.5559183467667137,-5.280870339780187,-3.9974357878659434,-3.058978559994166,-0.40153099714404356,-1.6502343679006335,10.450050675310985,-1.1860793565749395,0.19621070038436078,1.0835527799251923,-5.487202215949925,7.417232255651635,5.633830211817206,5.618503357843433,-2.445429490227234,15.191163143432096,4.213458392901238,-3.3782294277992806,-4.594847963718739,-1.1272220827727661,6.8183651298999735,7.537057358880068,1.989047460083034,-7.244115839535699,9.05047265655346,-17.872356314013068
157,6.4953321287744235,4.990326433865064,-2.539920093105741,-0.714647533703961,2.805324460280516,-3.6999447019347804,-2.455066752159922,-2.7538284795113066,-5.049919406322602,-3.775034746944316,-4.305723939142599,2.248721330620881,-4.383615089043318,-1.2790807260782422,22.44901004772375,-1.9505754910412272,9.508218111900606,7.208214421197871,4.955863236470492,-4.799008316242679,-7.636092528622872,-0.10719328100282093,5.111351215607005,-13.450238512573828,4.339261167860757,2.7644087908383668,8.203891370555233,-4.607230798522479,8.78432364067222,-7.866651783252452
158,-6.978918759904767,-7.303792133824029,3.443647090488297,-0.49815319263970254,-5.809919883909441,1.8209562111319575,0.6453219447767831,3.7098191914580845,5.4354152375755085,1.867847263016064,7.7220401641343175,-8.305651829688001,1.367570049140646,-0.6403154156070916,-1.438981058803647,6.873031134007175,7.421086577856139,-2.018951603467789,8.528401195986,1.2153669709569197,2.26239948767736,3.930591368738051,-15.319018799394957,-12.686473618194555,-12.980888489720792,0.43308204299525055,-4.196372748771861,3.8678952460423885,-10.051984574245287,-1.6631869692865073
159,5.35316156571807,5.852991978574497,-2.7655357348867433,0.6151620765100535,4.874444827702258,-1.0422351533022773,-0.18248388714968478,-2.97044661154984,-1.4719116288195273,0.0335666050493352,8.995438759811874,5.605729042081987,3.4926564978546835,3.6547415082965475,-1.7367246023920948,-15.32761172384327,2.023185050032857,17.70876864632675,7.435242017677529,-8.48375571333405,-0.1062754572718686,-11.86352412119892,5.954589295926945,6.8772208684716345,18.599284215506895,10.656541839070803,2.7703118222275416,1.8265997032005348,-9.413293189548742,-3.7479484065363353
160,-16.65374503146491,-3.604171802899601,6.001574227534872,1.5462297353144612,0.8904009320192966,12.792293491541024,10.737287044776838,6.022429428418159,-6.048678363405252,-3.5505821669022373,1.399343339827589,2.108490579172377,-3.3395525856466968,0.4242490421041575,-2.9501514225627994,1.8637796129591016,-8.712649533810506,5.137073861615636,4.256053996636692,1.7586706555118006,18.605928777528916,16.15903648995443,-2.228869790856594,0.6305583209807629,3.4252045710518986,-1.0912982617269842,0.9903260554375284,0.9583207303919427,-11.417606924586453,4.586866155082829
161,-3.323360190046552,-1.0705255640986584,-0.9210767740885333,4.994237473198907,3.7025613165304394,7.557611755480519,5.686896772784303,-0.631944877828445,0.5841290665994602,0.5256708964965424,-3.1711511071322738,0.5033069469666491,1.2670450657757322,0.07021919304059022,2.1920478927191325,4.914545285513342,-0.08080353361732079,-3.306608978608052,-7.523709176768013,6.685834337664678,-1.573861486093002,5.113853673032212,-12.161864666952658,11.295835243790087,1.3773239798815544,-4.576703655169974,8.76495148003757,-8.038705973608861,5.126062014968214,-4.5231253391124335
162,-4.104403377790429,-1.3804196179241872,0.3347054020245376,2.958155302486485,1.8875440788744278,5.787596341417944,4.443643422129795,0.5132099863658277,-0.37547817684671975,0.17330247582149272,-5.042076285652554,0.8872198060250479,-0.009745797054410987,-0.40197875253898663,7.669152955226234,6.297003339206966,-0.621554952447702,13.339792866736223,13.072574560956316,-0.9417541968521669,2.7940126351385794,-4.414287063207078,8.013937790703903,-0.6118289240533145,-9.997650677248453,0.35144303116231024,-6.322954784685783,-7.55320641508576,-29.920969847184992,9.391849243210418
163,10.374960428126245,2.700045160841708,-4.0920234927685,-0.26056844482034247,0.43311688223343936,-7.018945258733611,-5.8997918256959325,-4.090511836259118,5.073379215788451,4.895603214680664,-5.546930237172028,2.5158867894590657,5.028741145745132,0.8351724128964518,14.009571617349955,-6.3514491580559325,13.862002227124316,-3.160437768601572,4.516966648221939,-2.221432114920351,0.7365489849193179,-4.674782912957989,-7.083333960138615,-8.639631706446991,2.112507699066696,-3.8150459874446456,9.188479201236927,3.967505685292228,-0.9073223132259227,4.003253619341191
164,-4.396350501173911,-3.4502112154561293,0.05918323004345179,4.123851598123345,1.0209298332850074,6.471303084260995,4.51689447654458,0.41420050808926806,4.248010747311415,3.0812287193621364,-0.29596008376359684,-1.3590142844700597,3.916399242048783,0.6654274779177601,-2.5682305936209815,-17.640499259129403,4.1713604592940365,-0.38526818077966735,-7.512887014133388,-8.459690106240213,3.459057777241384,7.417699928999279,-18.17304972211023,18.605431821123343,14.81107951895427,-0.2251364848409807,9.108468641799199,5.935405029817086,10.516755532520104,6.626676594133301
165,3.970505431227761,3.522393666722655,-3.1975112335762295,3.087283876679278,5.0321087313063435,1.7923594600406252,1.5388868496846764,-3.1548989093791606,-0.14863446773434477,0.24856440485776146,2.8981719476072834,2.9100160427293646,2.513870025812379,1.7741266552634951,1.6213917512820066,-11.949441733853048,4.54764593420227,-5.396431504440263,9.43479277946942,-0.08690033174704562,0.10435779934505465,2.0845102120680647,1.2470049560395644,5.122197040503355,-0.4464924801429857,-2.596886883806838,7.568818561916582,-2.3360104548601974,6.06915273767112,19.043528017128384
166,8.105347611823195,3.781953822292775,-2.3902918537187405,-2.2221597664529,0.19657734094693685,-7.04043174924768,-5.363059713184471,-2.5965198008254124,1.6433271494406652,3.2357556024910683,-5.008603416213055,5.157748859672535,3.2889498904815286,1.2861926135949668,5.152040288131591,10.862742460726055,-16.66280205247318,-9.648264680969366,-3.2080287200862276,-4.570785540468556,19.408920410050253,3.462514948990674,1.724229807097017,-1.5266076143818867,-1.5513635034889623,-4.341876347436882,2.772164045927007,-3.477959339034137,-19.279123803666522,-1.5275493920909775
167,13.365660794570886,6.88668679366179,-4.940376172415654,-1.5799292839150492,2.6221022401313743,-9.065594336740554,-6.857220958742834,-5.198554478761408,-3.0098101494888283,-3.2288097825023776,0.6602269319209197,0.498207163296041,-3.107809004593972,-0.889389685540112,-14.602089543886102,-15.681692009852233,3.7882127777792167,7.012011993547012,8.741113509148096,1.6148110148671702,14.657572441523179,-0.9264338156768855,-9.258057334327605,4.322767657793383,7.819588406113233,12.443587854393181,4.200904746906583,1.3845776765499058,2.454649665342834,2.5052608306569875
168,5.68374437787169,-0.6719808194425243,-2.096436686445138,-0.13215552890997187,-1.7008510522678666,-4.680821230028747,-4.316698554982245,-1.9753150312688286,4.865486155630396,3.019201033253823,-2.6194101384172774,-2.530742709824768,2.3600788554736942,-0.6743140838139035,14.6414012450132,3.3389463125153895,5.519689855281313,-6.66048260608028,2.706848214851335,-11.087145480543892,-10.602462700205251,-17.89659509898421,16.096639020826988,6.020770674705144,0.08108032560855993,-12.190393262559647,8.652870751730816,2.6907054064910687,-14.550036997485737,8.540001280830479
169,-9.370142730685648,-4.721353559652964,3.4558530166205195,1.108082743076004,-1.741375143577282,6.398032621367129,4.86187322796734,3.630944321390931,-1.2356098465178338,-0.518821258351229,-10.021739053155114,-0.9641802920919991,-2.910417149210464,-2.2531080155537433,8.895222641197968,-4.782754445051885,10.091980470663641,1.977649383137363,-5.393005754873486,0.950625871606839,7.22968682630796,3.0404543142041183,-1.3574516822627107,-14.31072748821533,5.502499171494115,7.0384340826640575,5.940541760785545,5.814425721485375,26.493792379932373,-11.005923956282016
170,-0.902219275096106,-1.2515876128316359,1.228819062634883,-1.7307094490059032,-2.3958318820676348,-1.714656355919568,-1.3966064958467792,1.1859423469636563,-0.6174298927517284,-1.4008319593586944,1.2910646084770072,-2.816453130079104,-2.3676407006215507,-1.159506976101087,-17.55409268350947,9.751368111541224,-14.365785460947343,-2.237472866707643,-5.823783405840881,4.281898704494963,4.249219844973418,-8.517995937402347,10.224144101769678,16.041358868457966,-5.99936575928231,-4.592426568550416,-6.956046289021065,-7.8743896360402825,-9.1169963772381,-2.4021289983196814
171,-1.2078103933094555,0.618258255674286,0.6245880908327559,-0.43600842462598133,0.41112239111914994,0.6725427143938681,0.7901804164381936,0.5461052384674822,-2.4826123488550023,-1.2958917823813323,-3.39754735699256,1.6268614249031383,-1.9104125964009273,-0.49759963642254174,4.660919329162697,-16.028951490135555,-1.8284503157921226,9.617805585633635,9.45724209762401,-3.93621049224757,7.2437117690269766,-7.59810561202173,-2.3790301477457154,5.226029075715699,17.586796365416063,12.710344883992132,10.561784607877001,-3.9369711939217376,-5.778669869851252,-2.980976921590301
172,7.932297630894595,1.6008072844911883,-3.8480975627220193,1.4445086758333552,1.2596812299918057,-3.744762637835326,-3.440367725788204,-3.728039215857213,-0.41753406984203445,-3.0946697340106217,-1.7696368021969242,-5.582103558195104,-4.168696042228397,-3.0774543743839993,-18.55383877824063,-21.294248657223974,2.2723301021498648,-6.44637544968734,11.707752905998186,7.315575885480876,7.956799375470295,5.370078162283594,-11.232456663868856,3.6946002755505556,12.040278556457585,1.8571539695472135,1.658941851217626,-0.9675431230297435,0.13068709365015208,17.783704833994225
173,-11.025001195362059,-7.270741500186695,3.1930508896817233,3.474479650534223,-1.8212840015478695,9.234957275043866,6.573431274289605,3.617481776760246,2.421451182725627,1.7242286548987735,-9.929032169274873,-3.1279981615786587,-0.36198109552358393,-2.16886199757015,15.713767715728407,7.567058368263598,11.848835812499527,16.618827440545232,-2.1906262477269007,-17.19010309042146,-18.921518768468243,-16.169677814907214,17.953401335393195,-1.1223911723010456,-4.714323299915413,-4.7085576413514865,2.0916416194836267,7.988568486045995,-8.647469145654107,-9.478988032160881
174,-1.7408335841747673,-2.3483905426782083,3.2006445630388507,-5.163353920257553,-6.058380827504012,-5.284258146004943,-4.1100370425654305,3.0108920548980493,0.0638588961264191,1.5828175505062059,-11.732396878156054,1.0852832023487153,-1.97749158666724,-1.9161734548855054,10.13460870996655,8.807419446655759,-8.226241571378283,13.840306397404348,-7.427201252871441,-8.387232336256348,-26.406851705947396,-3.3871953588658963,22.355007607860717,-5.352424836191138,-8.099206776013677,-5.7896210965919455,-6.374636668659225,3.290644715702757,5.1993477401389665,-12.399446987931528
175,-0.5294481341298102,-0.5170293103425887,1.9700137432247096,-3.7792347994161783,-3.4756346701961744,-3.9540130687849553,-2.904726984239534,1.7762073568777295,-3.264700754254566,-3.779597152805771,1.8319178099764324,-3.4464277193739132,-5.50222046287988,-2.042840568825665,1.3603696271422463,3.2675350572823243,-5.537927009599147,10.996239503677405,0.8176710835521963,-0.20148791433790145,-8.684848408900697,1.7820144866465697,0.29211409499356616,12.449196413860161,7.222482953589228,-0.3500863773478758,3.4657531016133487,-8.242634239641166,-8.701978791359684,-6.998781054208375
176,4.698486591497772,-0.8974740858278155,-3.5909044456327637,4.00472457862601,1.658423692680381,0.5115518805447188,-0.47369051859494116,-3.238711542050454,4.729840776441227,0.6454506569094036,6.759783264626464,-6.592400385087526,1.9609540548337407,-0.46572350423179976,2.0306789500965117,6.262097725012329,-3.9568036711666466,-9.028043607528799,-4.513213626548918,1.6380967651962959,-6.0613506908943044,-12.796759361882717,-3.6504283818541508,17.36761692412893,-8.408223375203093,-0.46984252417407424,2.1855028564734127,-13.906988099436406,3.9191863890412137,-2.842166570294384
177,-7.065369472928673,-4.197233372067945,2.5836476680951623,0.98123290656123,-1.7702174477439792,4.733281232156063,3.4579987202939675,2.7593796254882865,4.322486885624475,4.424510070941175,0.8481613990422925,0.7872475669002708,5.078738878808193,1.7967330357659075,0.3319662750300073,11.143498243736284,-8.26575260059867,2.8584887981878637,2.0624369369038167,0.24315552174573568,11.478788848378608,-6.260812992737941,4.194681356183921,-3.8953382417095934,-1.2510251725784662,0.13641361491609683,-2.7263637971209276,2.881003917730315,-24.465261184990776,-5.954284622995567
178,-0.8190968074647872,-2.3380386136715514,2.9669667081841706,-5.435399706259504,-6.431749019348992,-6.271436551266263,-4.948556869921601,2.776020794506251,-1.3794757899399062,-2.9079493300934036,3.2098393058554824,-5.887415074009655,-5.281303620391591,-2.459301305688467,12.608687029992554,2.7119846570493724,7.595131874242221,6.589794511751222,16.1498493657028,-5.634224828344422,-1.4746674323695377,-7.742675607567987,-3.380141781194384,1.8966611242323295,-7.960217295163353,1.5910208748484513,8.457712319432664,-4.346152059746198,-17.826605262993848,2.202145125994459
179,8.265512551218146,4.227395642354238,-3.7803972320222465,0.6132117176610689,2.8973007557408335,-3.873134292211778,-2.9931328701519644,-3.848227991650959,-2.42673482551298,-3.9579158156555976,5.668832479797147,-2.61244770444208,-3.141161668613918,-0.8753930972727001,5.565320119335725,-4.898107130701096,9.676893735897313,-6.246773827194294,9.156390425845489,9.415937249632965,-0.03530022942749407,2.380999429704757,-3.3675152145526956,-3.925297123600238,3.081501426123045,-0.9445278402289008,2.8437090414828177,-10.761873785116292,5.459045831041633,9.755961296110643
180,-8.304469342316182,-3.6672913675938688,2.4438057144919725,2.2564601532892987,-0.030192312633434446,7.272873182201317,5.58416062807281,2.642400960939887,-1.9663243201085667,-2.5724440911424993,-0.7829351634142453,-3.26320187763186,-3.3547185519213345,-1.6401480594924338,2.0565108870011537,-9.229939109493857,14.147993004734305,6.824011381623745,13.046105440870866,13.408695876049377,-0.8130571264912485,-6.5389743634984745,-6.47219320440772,-8.640045527543052,-4.903086884177286,5.3770533265630505,1.0986796173519515,-5.101876683572714,10.698814627591984,1.4007332093300375
181,10.097031770254613,3.7651443141622285,-3.9989401315790127,-0.3910127511256501,1.3381937740765841,-6.533781454713604,-5.272992987927646,-4.068541772741366,-2.541123737724799,-3.918792113452151,-3.5643133680257675,-3.137297913285211,-5.312266477728213,-3.0052272021272506,-6.807881709351597,-0.5562696875808101,3.6305722017017383,-14.446938166182326,1.2077370699443712,22.78996115565727,1.6871023342916018,8.60822766038173,-14.374186655862589,-5.7644761196293395,-4.989860829459209,-3.7340634508358317,-1.8758380816461526,-9.512660318606512,15.360473060341247,6.624902619190563
182,4.126839257152275,3.8789752663147716,-2.550861176577499,1.4866080810996203,4.015005005565811,0.05835659657609882,0.34190342423171927,-2.6162521175274587,-4.181488834196059,-3.192789869415881,-4.16100246405534,1.9747852156081727,-3.276302518774929,-0.9942234722552669,-12.287550144671654,-10.844481414686369,-3.093189819335435,9.123433489377383,7.040055327299601,10.323085094717916,4.459771425861638,20.088153593891157,-4.856150012277754,-15.404769861792706,4.247624460058822,3.493925731982778,-10.534240236573872,2.0967820583194885,5.827325955599519,5.548770527540739
183,14.21707204439991,1.954879707525925,-4.7785970793526555,-1.9027402404932228,-2.2534179141733346,-12.002132878417681,-10.199325801265822,-4.76698381073491,1.5594547379789025,-1.0205737934441714,-12.240546034500692,-5.512553086781647,-4.740845220781285,-4.953306374650624,5.664139343619161,-1.3271424341511027,-3.6807857960098143,-13.657242772955355,-8.15551114438214,-7.515075113825246,-2.8129585283131164,8.15545794066442,-0.48646663327357303,-5.424530961322382,6.091334333108652,-4.383713341730417,-1.8015380620905297,4.2541336956428335,4.468077135241042,4.808585231942312
184,0.6846999698940534,4.159745641433645,-1.8928559226515735,2.923054191388667,6.04327147805442,4.3322653054099405,3.9696742366392996,-1.9477432110044843,-2.9177467767880683,0.018454178191721092,-3.178859777858348,7.458679592108225,1.8198926983299732,2.049120902562057,6.24184944786963,-2.420536179959846,-0.25142245703428695,7.668703859273283,-2.1417336395425406,13.255344941963173,2.980505791527084,-0.31486474899208117,0.9106513347647568,1.9708737275824078,12.669774958475607,3.530273990032095,1.2587721279149466,-10.866847259902217,3.284056704234629,-3.9330317741450793
185,-7.575473479538728,0.0795499522991454,2.3436713342976976,1.2856394729029523,2.438298549680399,7.135156831812641,6.220251780695199,2.290493301356207,0.08690581391247623,3.959549968561277,-0.9057481727978149,9.213610386168252,6.106174236954948,4.16583259701232,6.6499769795609405,4.703043893130984,4.19372105076242,8.63649738387132,-0.09888503847383784,-12.618562485405153,-7.431937883359071,-16.25964166611618,14.752571944091653,-3.817806190861509,-10.614233399454072,4.801460711337391,-3.0451376877293073,11.739310387357227,-8.878397235595571,-3.0258351408703454
186,2.376554870859258,4.445798267394512,-2.1264854834360327,1.956011096482389,5.216066517012755,2.112103775558947,2.194674218551146,-2.224915712494901,-3.5354378158913367,-2.647161668376164,7.151108618059209,2.8997494442441765,-0.10731293634100612,1.8063156509146714,-15.453902479737293,9.110491541766788,-7.6444771228771975,-4.220699889823404,9.653750057540645,16.2854197129848,3.735440565109025,4.048122755392004,4.882953919363337,1.856160867209631,-13.97113184387049,-7.55783309109308,-9.166437555157227,-9.355015135914346,-15.516431673446181,14.314845519830008
187,9.701653978547355,3.5305746124655673,-4.52213898374213,1.1237829648896513,2.4366857652314025,-4.666357482284984,-3.9194713266398247,-4.499227415653124,3.64702164073274,2.405360238916439,4.68730633683525,0.5190505209463325,4.3778744139907895,1.6790374232711618,-3.373963947879795,0.2106475117697099,-2.2643890322428177,-0.5675752491687284,-0.2119840458901376,2.398426413686435,6.81985898008472,-8.206248260030897,2.650764529871923,-13.045368106145206,-1.6830461559733234,8.94889356728675,-9.756235245386637,-4.6568767941085625,3.3276417709669666,-10.457613162005096
188,6.471513958102411,0.5105062139856136,-2.0753447756905747,-1.026500652701237,-1.5005832929550094,-5.788740086277279,-4.962833433215597,-2.0580365523291513,1.0480859534967442,-0.3056879515279146,-6.138550419936322,-2.9764573376047845,-2.2492768082412264,-2.4942593837632367,-4.486822729700435,-6.069871099946684,6.456336631400915,-11.389756011932741,6.12126560246921,9.840449765539269,17.432971283098723,3.493858103720731,-19.915550990172747,-7.803682303011239,-5.67365795984228,7.9563628378810645,-2.9071693197256474,-3.526111227411653,0.24934174919448981,9.92986240978641
189,-3.806721264945472,0.4137806173570208,3.6818369409078393,-4.885650311369627,-2.9730687579656787,-2.339120089913834,-1.0791934241932617,3.320968593016996,-1.115997297902135,1.6274401657688813,4.2539311320634825,5.293294705899745,2.2582851419862235,2.784583490491173,10.40671384143096,-0.8283037222869942,-0.38085070222170775,3.6807658635792633,11.305871464455468,5.998963750815546,-6.0248271408805625,-4.956724679766644,-4.587322153341244,1.3825807077592613,-5.36286986549515,0.551382765556149,5.115693288883537,-6.953570502302218,-10.197844029268518,2.9227927792723496
190,-6.565126513075267,-6.6439957699336984,2.164420677585993,1.8471015594289981,-3.3610796261192615,4.344115831805948,2.562069745224247,2.533370347521277,3.024883802440757,1.6656147516871291,-12.638871002664878,-4.599376005127596,-1.5653122954199177,-3.4104085451021215,2.771535596208341,1.7162686406128829,-1.6468870119717252,-19.900711237401033,-8.37740465170322,-1.9057641388845206,4.457478363089844,-11.011766548686092,-7.9753694660961,-1.6506894187774113,-2.6384885920430503,-2.049174791514247,-2.450534759588536,0.5788694749367471,-4.660513914433972,-0.22796288032590073
191,8.220743412961887,-0.022486801462564186,-4.922206296358821,3.7959860368773595,1.6691153351313752,-2.0197825389477435,-2.5933749437997915,-4.573994933924174,3.067773400865313,-0.3723731467699175,-6.555883823763188,-6.2167999826486975,-1.6997424241276227,-3.3727142929978275,7.908658179783549,0.016319258730213563,3.1054910364306325,-1.1905227859836862,-4.442544212648456,-1.22361338768606,-1.6672440791118055,-1.589045630609183,-5.060330771587726,-0.9048208327577962,-4.3172270219985425,0.748872654515349,-4.967070888309863,-3.763675244439148,6.698944816124665,-0.1265015951540267
192,-3.244015587607269,0.33477793442651316,-0.4458919555902752,3.673652080393751,3.877599816501793,6.6019439085653575,5.297727187642039,-0.30848546399599847,-3.500344238875063,-2.366460880629948,-7.0856559919297695,1.5403330377473154,-2.784824264501557,-1.2366380978907283,-5.645136154456303,-3.1511025623561086,-1.4125351593663957,11.102386826557034,4.462013661305311,5.485365901604171,2.09982410420686,3.884672487242395,7.026843568723925,-1.4561207417701234,-12.231703020855283,-0.9889630195814245,-15.22637127376339,-1.6495342530728516,-1.9261598989550723,13.506207507342502
193,-4.006338353516782,-4.5569445304198375,3.5428075580924805,-3.6539370725003053,-6.4269019317508125,-2.7948746463816256,-2.490345207845085,3.525085639336729,-0.1384704249891803,0.1953664393895988,-14.64522986408253,-2.4363129150633895,-4.506919048595742,-3.908842600855984,20.17835392429106,-1.6162755625301217,13.392386650280248,-5.038874998225445,1.8162068948012804,0.6902548654920796,-4.268499172013107,-9.197557458928147,-12.039875181781554,-4.5612892150550906,4.835692207545126,-1.1412896977381781,14.327545472669275,-0.7185562959301739,-3.0351676068964264,-4.920505458627763
194,-3.0835262766015195,-3.1228319733998924,1.542994560742369,-0.2829527529045498,-2.524234730733215,0.7766258219635391,0.28815305669618047,1.6512385054486773,-0.6065940703104294,-1.6404749338119495,-5.253830658048823,-4.1518991147434425,-3.9497015754924147,-2.8548980964909805,-0.013202278072620765,6.919428164278698,-10.704946784078594,-18.111955833864123,-9.625918178203598,9.307674394989936,-4.1545982795670975,4.907650695449562,-7.771272633004987,2.5271534033555887,-7.474590338364255,-10.836044087067208,-5.844344973639712,-4.679314040631134,4.885295138488601,3.1094490569357562
195,6.077661557908978,2.710116045621258,-1.3659277749099172,-2.5792666707595777,-0.7151564675744088,-6.330830422330824,-4.81065825460622,-1.5652876963624707,-3.427860031775821,-3.919068528918452,-0.8616627539945797,-2.1555371730536232,-5.318248528394004,-2.217465968141446,-10.305404882913432,14.588650120146458,-9.442468922871168,0.6782682584045061,-6.451601638897969,7.135314312701591,1.2483071016910658,-5.741478878845733,3.1167725711231355,-5.733936957940063,-7.772314122851828,-5.4087454669525465,-11.343694272505857,0.19608044909061528,-8.258628276417255,-15.658134348333713
196,-5.5106892256447715,-4.487377001662635,2.5877625035810192,-0.30136829335116805,-3.353923118683832,2.042895005945897,1.2329312757954,2.7319354299414105,4.5140946207228385,4.402101998706238,-2.6327351489662303,-0.14992349048450196,3.8458386426623608,0.6595298630533669,0.20695401402699876,7.307069283013464,1.3286075578349597,1.10473715119578,-5.1993963235823015,4.115163422294448,-13.405857256873238,-14.084202470964422,14.518601607205554,-6.925405762132649,-6.222177190368069,0.1743784852319169,-7.479269510421388,-2.44493392874821,6.863773569580521,-10.218657635247823
197,-8.41316198423632,-5.6936165961843885,3.7543352741040974,-0.20732358659346367,-3.865798399811342,3.8521299004971175,2.6711488061617197,3.9243710382646033,-0.8738533125402754,-2.642469625801749,-0.6484898039654755,-6.690554266408316,-4.8315489075061135,-2.9473967141245954,-1.9569595207534491,5.736518398254113,-4.010563989910468,6.694431912757569,-10.167768539842601,-14.740447984790826,-10.664065117404625,-2.2655965336768618,5.7473447174423615,18.04136632674141,1.9812811629185145,-0.09886834344464956,5.398893465558831,5.41838942177088,3.1914908182056085,-10.01414287849164
198,13.536593704166544,1.4909941618517375,-4.0324804280389674,-2.886314431070633,-3.362036638196887,-12.753094193594176,-10.753100596110398,-4.061692079781103,2.8549097131411263,-1.3625846532286119,2.0694728141909318,-8.364996347376985,-3.0858366193206175,-3.1653878659794112,-6.411185876393254,-12.006825742809815,7.081118784335169,6.117375733149923,1.6952766612682524,-3.0453437834189034,-2.80665501277733,13.355552249028198,-15.078669308973812,3.6646740187496123,0.35612919833032775,-0.5030885484515595,-3.950340890776534,11.129547229807855,10.10592578688088,10.49380469680101
199,-9.312578094199921,-5.6526636310375045,4.685892777183821,-1.4877669275313357,-4.723084817316934,3.138668222040292,2.2871102287199143,4.766683553743009,-0.023898498206712342,-0.9592054184280318,1.1054502791490384,-4.528687722934625,-2.5853506440689475,-1.4966683497092876,11.947627033316456,6.340884168332079,18.87098971879945,5.813537683395911,8.945388307487294,19.62256275005599,-15.809504682897806,11.477497017439406,-16.743914541597416,-20.898980701910904,-13.38110949756061,-3.167499929253504,-4.993618767970308,-3.6181613443815954,7.762406076329955,-0.8474635168061557
200,13.282580862219756,2.628915211672678,-5.099332873720325,-0.5122358213998952,-0.34119888674668775,-9.508157360793428,-8.115782264703018,-5.061455309513316,4.615730055877557,2.6350741894299348,-4.617195159031644,-1.879098038213413,1.8893199747127918,-1.1136216386872597,11.191230918931259,3.6195341780931827,11.512951116720188,12.22129024624731,-0.2715919609287551,-5.592992250806171,5.274911958143196,3.474870159789477,0.3937635159626629,3.377736880951024,-0.7203905018546324,-0.6714918141281809,6.7410780099248235,4.795843116682783,-0.3757149339359842,2.265975862685779
201,1.160118754441492,1.4200001643979547,-0.565478540052761,0.03616343132480381,1.1138597736316953,-0.27281557603475914,-0.03972482156090595,-0.6238224135381611,-3.8469658153052637,-3.5145094071624072,-3.7361122519127914,-0.5740136743924217,-4.612331451324545,-1.898463133229807,-11.294853817401318,-8.179984827252161,-4.475907585360952,-8.400870616268914,-14.015188554409539,4.8588149517645745,10.350292004269093,19.68454438091368,-19.904800984578287,7.262940914341633,10.251460082086997,-0.5500558969702405,2.915731822522606,3.2639789677828404,22.576756540516183,-1.550607363080109
202,9.274752828641033,1.347880714807503,-4.6960761187201845,2.199017019078111,1.4170759934454729,-4.025000206942944,-3.883562355305001,-4.4976599631780605,2.4091009272326467,-1.7034421029936366,5.552179341556197,-7.236281598261963,-1.2612796781492845,-1.7511187211467134,-9.953417900616046,1.0343879974813497,-4.65932465406628,6.683057726639137,-4.776497002436129,4.014209778643226,-8.466258460440098,-3.0453312506148773,0.7724105269740746,8.774896725587155,-2.2572599445021027,5.452297045194275,-11.475568986237013,-7.319247182589841,8.098189780381475,-5.575758674878236
203,4.13809839881943,2.428882120443968,-4.145378310758783,5.1843644322770555,5.733295436244254,3.5375759975464587,2.535244086616835,-3.9204409309875645,1.1805089960214945,-0.972068671994867,10.542063148752984,-2.026192833713192,2.29152959018526,1.4857511268130261,-1.3893214730289172,2.390276743993147,-2.892043568633765,-9.389553255674167,2.760473268502804,-1.8223790236185198,-6.601236298550566,-7.424304387908809,9.508969384600517,-7.424239316592393,-3.4885377490037692,-0.016703298656295607,-4.069801593559699,-7.148364909107752,3.6807465407866795,-3.1517040170897737
204,1.2144106149925178,-1.4810767479182796,-0.9576543901632263,1.2902481674383857,-0.4925485235335689,-0.07967890294110891,-0.554398085024012,-0.7826680136448342,4.364591534770015,2.235130571136659,5.721394250683993,-3.0220675876818186,3.332592248801349,0.8097747299741913,-0.03752454174922299,-22.21115801495598,5.941095990314711,9.365733092634464,13.268275785137567,-18.184517312181978,-4.870167729321363,-7.980355281765217,-1.8051321456734315,2.1251574594369615,19.404681561759585,17.606010336300358,6.661680609035545,6.316815322323621,-8.309584670739909,2.618579692240371
205,4.351439810346461,0.4239467180705698,-4.432721393143024,5.937680511448644,4.499670546190471,3.4144781168851583,1.9697503572384427,-4.050130299903806,1.1986699349398258,-2.596489799617079,5.205358761528857,-6.695758379160409,-1.3454837776843178,-1.5367823993000946,11.21259099299827,17.471887574079627,3.044552862642631,11.63017651780531,-8.918984044013005,-2.064573927582145,-13.66468994935579,-6.413492523012846,2.1653946052596984,17.122420206779616,-1.7345067226443474,-1.9622755975169048,2.8183640377205434,-10.885041546905056,-3.4204514822666394,-14.448788501920708
206,-5.079519549082209,-2.4092133696519746,3.3766615348820563,-2.708729121234822,-3.522151269045482,-0.10503462874083917,0.08264985359334372,3.2757552637154737,-0.393616813642453,0.43493423273704523,-0.9951946685538179,0.2701588112541785,-0.6406159936539285,-0.09994094983797523,-3.758462480007465,6.423103972449251,6.8615020637191115,-1.7041126179452009,-3.0302281782120524,10.815966073891927,13.380744707037923,-8.5195806540004,-7.610452404505813,0.36602303515919865,-6.258710082973121,10.012422260269986,1.3669058871897033,-4.205392158142125,7.486023060332196,-9.305877355216209
207,-5.5060619371857955,-5.74443378837873,3.5110507234096957,-2.1319983967943865,-5.99370022484336,-0.4650501951694223,-0.8633438979913072,3.621545027267121,3.159354883254761,1.1907165240653819,1.3716021857549503,-5.655572526528568,-0.4828961762820852,-1.354966716827927,-4.501931165381452,16.481068832970433,-9.686421936809147,-21.692547376829122,-3.933264640014961,14.533657885132236,8.597725609032404,-7.3939382137065754,3.1711774785080378,-0.15419127992797652,-20.1943385257055,-5.004215922188143,-11.132194055842401,-14.07220351117716,-0.6308686382527666,4.127681566666819
208,1.8601908361122885,2.9414928015266013,-0.0938427225393833,-1.820576265456052,0.8468434500018869,-2.237677371535228,-1.2184996761359348,-0.3307858373120035,-4.665237766338129,-3.5057189669939914,0.7735833840914395,1.425918279082973,-3.727951620744965,-0.4574665711735109,-11.725141401265887,-2.920596106878566,-6.587282835978284,15.609977421319288,8.110853006477273,-1.027303290804501,-0.46339118183965755,-4.566482944868396,5.518781468603226,1.9565981528182388,-3.505998530269465,10.438030050276653,-10.894614817299578,-1.6750166146241674,-13.807173981346907,-0.6974500752239285
209,-9.23405399893956,-2.406313837873874,4.465316931316807,-1.5674996913877843,-1.8640984661523967,4.270727919763749,3.819783378394921,4.362219558841761,-2.660396309652142,-0.3109036851335312,-3.0231499114427396,2.899526391975139,-1.1471114022506803,0.3189764745112465,3.896699495680788,-4.366618132319047,-4.895578107355125,23.112556952890053,13.311976227868225,-2.6421314478200975,1.9298364795001,-10.725927578488934,16.79428170694351,0.12923392630977965,5.340600115677081,13.161873966570182,-0.15729142548107936,-7.808774694462433,-14.85224464758992,-5.174792660943677
210,-10.599727834171603,-6.094291489509346,2.9917454122007188,3.37455519679451,-0.912185404631683,9.269049351477802,6.8022201605812445,3.3518816877431115,3.908480502110949,3.4593016373618863,-1.5954325092899984,-1.0548069099071822,3.6553301781176484,0.6552213032754376,-0.5350684478995483,-9.454115892109384,2.8986770284113157,10.949607647607454,9.743111849226526,-11.7253278714619,4.063881500792546,-2.826788898049029,6.12184733511784,-8.7792410388963,10.338193829257634,3.6347374833494994,9.481147843258508,12.411156012465243,-6.556060953109659,-5.10267663767082
211,10.549952782002322,4.00571056969037,-3.7391205014805755,-1.3796895405465346,0.6666416034814509,-7.864596038022132,-6.244657938209688,-3.870843097325755,0.9395987498357649,-0.9449845931324541,8.497558099387076,-2.262521632883772,0.29859506510132067,0.4384592862091689,8.542563136205308,0.8328013855429651,7.910834717593718,-13.228453786874278,-1.5605827126439211,-8.008529333519393,-22.089875426184573,-14.286162126835709,0.530290999325566,-1.9533616997163545,-6.6704488441462955,-1.6180581764604984,3.4102301895434426,1.0247615343360257,11.071499945624648,-4.186762711152073
212,1.37325968695135,2.912685003669104,-2.857117024953957,4.637791585948692,6.20170749570002,5.205845932999155,4.229501779182355,-2.7344327455012163,0.9437745425192686,1.8808956641041794,3.461521371600333,4.730803008118255,5.100033715001805,3.0818729580863375,8.551017171926656,0.20503893454299904,-5.651249875983242,15.67794609125977,5.583334247211042,-2.131118496786134,-9.758070153960064,-1.6043729495301697,21.943912323888874,4.633414751747583,-4.3100343239801555,1.1756148642287256,-6.639188628316504,-12.58597408525583,-1.7191845755077175,6.9695981653183114
213,2.399290224123642,-2.7806449277856147,-0.14130572335408412,-1.3005823631355429,-3.9986489283106454,-4.325704590481396,-4.079916824800102,-0.02175298938249169,3.024972963807857,1.5320785077554773,-10.094850780720154,-3.9182589629207203,-1.5363740658936065,-3.0711059688928537,3.502793133751746,-4.840176983832491,0.7725387108692301,19.314097083542794,2.3564172581019154,-13.419450558353613,7.881534223439289,-3.9998583020795473,4.148856575870496,-7.5851439277054435,1.1495022207693117,10.003721315508722,-2.7938713486000397,7.864995813820064,-3.281682778682725,-10.501729640980685
214,-3.6850294917004405,1.5153660341759607,3.9218802370995993,-5.681706556576108,-2.650057056586999,-2.8704864380208464,-1.2347896453283713,3.456577799667338,-3.2215213345959066,0.05574645005182599,5.391972600760013,5.920493907402631,0.7228389447322084,2.7483694607754123,0.5189687758301094,-1.1341635701845054,-5.808757104785154,9.652738820803247,9.61467687402837,-2.336976310878448,9.651360321571639,0.5474854575703118,14.541348001834717,11.714932564439552,2.7735212001991654,0.11344360408062146,2.287834814075419,-6.832629626866151,-17.09929825525402,12.585997124788962
215,4.406945868091146,-1.8754783254957725,-4.036856825687376,5.376069275417747,1.9484717585289402,1.8506849852021856,0.31741174974159814,-3.557244307468634,6.1837615895011355,2.010021251699043,1.8405298727753818,-6.514989997065172,2.801383588129016,-0.9698269797613254,6.646667516057484,7.51684477778793,5.980237774300693,4.0371933288353565,-4.286937456540704,-6.164998672862348,3.4913431370386165,-8.415205864404141,-3.688185139776156,4.058949487297488,7.040197195900305,4.007561322816343,9.21427139732031,1.9360880563578409,-3.263173356313163,-15.057330330999699
216,6.823134840058313,5.347631907304901,-3.727198131651257,1.5486383589563744,4.928075644491686,-1.3212767465800328,-0.69858593752062,-3.8275211185013065,-4.147557159332589,-4.778067841059925,7.6977051907258796,-0.5887898393095047,-2.968753154813715,0.08156585499999641,-4.901760687690915,-7.434011037304664,10.534179474983812,7.705762114402209,11.219730356924492,-8.127003503477123,0.29214580324434164,-4.637468230060998,8.269835150925118,-8.25285354465347,4.478523200125449,8.100426028922872,2.786855948852218,5.46340148962883,1.6245913683958257,-1.1225766846172187
217,-8.479523385983113,-6.4430902507589085,4.381212241915228,-1.407207322657756,-5.516629437771924,2.289775229577149,1.3822362577041072,4.523916506181139,3.526167040756275,1.4551520764074077,6.952490698793674,-5.575762085877315,1.0424816782067454,-0.03140913887866148,-10.962829999967244,-11.592667013590034,12.569517401934535,-2.9023496643319238,6.0296040776933735,-1.4290168622356292,-7.93206144142535,-11.621186124011235,-12.875818670475562,8.29972550831313,4.906630426828287,5.367890103174595,3.1772029888182174,7.139240785124497,-4.180119414878771,4.604993087641059
218,-4.483034387434205,-0.17377641915008357,0.3315549739161474,3.101866062117855,3.162998207556147,6.705104865091716,5.428745285414945,0.44498409844123477,-0.7940088371738127,-0.2867646348250399,4.121551813669479,1.5503165435844373,1.5467052684514584,1.5641752404080804,-8.20112199274809,9.524388202677098,6.987209954806888,-15.899438023733701,2.9814928246402563,17.388298634442553,18.521045598796636,8.541504107863434,-15.15716280268134,6.806265481262103,-15.271843552204903,-10.162952379171594,4.451495135609278,-8.634408601164791,-3.9692584010760124,16.2241581636295
219,4.2648334173937705,0.819018110644482,-1.0577245221156664,-1.4277781108193723,-1.1683148204146911,-4.449460009684889,-3.622277206772669,-1.1157277658741893,-1.5965928117062465,-1.1625770272423894,-12.655420280168867,-0.29958363991043424,-4.133509683571762,-3.135040409024198,-6.279567511462045,7.372869375704905,-6.223821876153925,-9.909313122856958,-19.68107712803108,4.47565926274165,2.2027792332846574,3.213495685369923,0.029446623414716593,-1.7823224831026152,6.928510462433837,-6.639759424964131,-0.2455424228907457,8.011971995644208,13.162247871378074,-12.717148790067077
220,6.13815088051681,-0.9061297398889245,-3.5143046097810164,2.61819469597568,0.26415224949841787,-2.0956158899165547,-2.5599834454505777,-3.2170661527206965,7.66608350700015,5.738410313623986,-4.667383770573621,-1.1553376207068884,5.941236998707891,0.2797681844692426,5.725900594442383,5.487842292991914,-2.0180133482316776,7.1700816445488655,-0.31204136781549463,5.272508390021994,4.400407715106592,19.98793511709603,1.6659210876093005,-11.153572903387126,-3.948132549525199,-6.437315094696234,-8.304478874756756,3.103541615115909,-0.06563845193833395,8.461801759891971
221,-1.5966094554462897,-0.8481667527503196,0.3671239885378238,0.6802329869651682,0.06677450937773288,1.6123839136256,1.196664434530043,0.4272258198066219,-1.7544450324489365,-1.3124638303757243,-8.04216944023412,-0.34861409616530037,-3.017715480134685,-2.0164250664198247,8.216442552121686,-0.13274798206325586,12.924651988814997,7.446766512350872,-0.44301988501126466,-2.8521030159822334,-16.35047946411964,-7.688131560787084,10.751204504788333,-9.94185381611925,0.501144698510545,3.366966589046149,0.492637971868106,1.416800215585862,10.008087887735886,-7.389348531212601
222,12.904102630976107,3.1480576581860897,-3.987316956706999,-2.701771564220671,-1.6014972209405252,-11.422601861938894,-9.3338346379006,-4.1084273409169665,1.5493284237822962,-0.6926568986312928,0.0027556694458698936,-3.820563527806473,-1.7815149948099667,-1.8617100771717958,14.062821800956968,9.892890666917946,2.1944516947645547,8.880495968664027,-9.99479003767595,-18.439324080214753,-18.406282392227492,-1.2666654798750767,1.3453005577555452,2.6579112144229025,-0.5580238478751913,0.7954988882649603,3.168600820296951,7.536393525374509,1.5517144338699542,-16.5095196657886
223,10.523312140618435,4.080887305690386,-2.826934993131784,-3.3628437698395466,-0.8871247271636308,-9.991756800672771,-7.763903941875875,-3.07560537498134,2.824018646404333,2.4128338058031655,6.3864591020833315,1.519860522012522,3.7434355263492707,2.032872849339472,6.553611853239738,-5.084247850237946,2.6877000243705442,3.867216888343199,1.9646577269533791,-4.035275531835724,-27.038377749633895,-17.916146187923694,8.998050231908651,-2.2358817322631546,-6.56150060763698,5.159494115245413,-5.4277221635047255,-1.1292873209844094,10.95277303317317,-5.22479269748115
224,-5.697486054487932,-3.184962014005309,0.6260890038808286,3.9469318478336883,1.3412207444219488,7.359328085014185,5.397099176511936,0.9354439037167238,-1.7699013049196974,-3.1952681903374787,-3.5539137115872164,-4.707558026287944,-4.329666205897709,-2.77365577334743,-1.3318420947286316,-2.8686069148496887,-1.6603044044632558,13.883807944245117,0.9758991394439896,7.864512213113699,-6.434157628556628,4.540939884775971,-5.265765828191149,-2.250635260326321,9.019788294889805,6.489646849058095,-7.236605941096503,-1.4910689075246706,-1.515363257573391,-6.672783379339985
225,-2.564706290910201,0.46329820785555814,2.9886911419672066,-4.430657013048801,-2.7702018980131933,-2.7535219542136646,-1.5382809529243784,2.6707739384361275,-0.7207044937517433,1.6583221372064973,2.672829214680859,4.650687157230538,2.0051893891656176,2.2698729438022043,10.84319681055121,7.160421035700855,-1.7740146973184612,7.784588474184398,1.386745046534358,-0.9237404427629902,1.422931832305323,0.8744318352717134,-5.285812537688407,11.205588155480402,8.360528694252729,5.826770429142736,15.075695233645128,-6.340092037812968,-12.168423114137276,-9.171776326213212
226,-1.9074097073384015,-4.673495254116965,1.866616812558968,-1.7508143110929122,-5.335096521464495,-2.3290941386580513,-2.4668006257451083,1.9968692267909933,6.332304863872377,4.450359038175195,1.3523625044812748,-3.581236676722262,3.722581687206064,0.16966453011773838,5.121392331414446,7.6080126270521475,-0.38198836464491775,8.098639329647089,2.5321375179524175,-8.04490506157997,-18.57740158563372,-2.369369165832851,17.23481655632868,-0.4885304036398495,-2.5637328187551764,-11.310445155273893,-0.04969080376029844,6.193549558584234,-10.788957945028622,0.811905921879386
227,1.5841999693266107,1.694429923363553,1.3689426299227012,-4.594330405107851,-2.508761876550031,-5.566023762593059,-3.8679108669376827,1.039837231088136,-3.2223872684808432,-1.4164506148239495,-3.8474993533492556,2.32838243371013,-3.0159041850886896,-0.72149521055104,-0.9508361952057234,24.71452290801373,-4.5291552902813415,7.836806348392921,-6.689257280291273,7.8522249111674025,11.782817730004023,1.681757518938598,0.39275280758027953,-8.080241266172663,-18.636317677244055,5.145676641200775,-7.945615412028765,-1.2564098456291373,-4.867618296152891,-17.569289565501805
228,1.4554895873568061,2.533005692124181,1.6993082225893006,-5.335455045784437,-2.3353609437627805,-5.952515260156158,-3.942993735373608,1.279495963035236,0.10310034982663775,2.1376069381482963,8.859182934774157,5.138833674676522,3.814816724234353,3.680885119205574,-4.120935687539341,-2.642592544170539,-11.84972825295612,5.014882269583817,-5.0483467098874275,-7.32810642311186,6.729654679723286,-0.0232171385011729,-8.378039641101564,24.214133888149686,13.30581505267806,7.674478697851203,12.165242557758024,-3.575256601296574,-6.028336169091521,-9.05461040558728
229,1.1979308423707467,-3.5561627458360103,0.16378228247051865,-0.8308579683668764,-4.107217876898236,-3.212784425866928,-3.282724720101744,0.3338134470267252,4.4928621686077,1.1047950444496122,3.345550468172113,-7.176659556205146,0.14111464373369242,-1.507476390964521,4.505866722552756,-0.7359453631407237,18.257211231720554,1.4893052039451171,12.852600719555117,16.64890536598083,-9.696118795651907,-6.272727944988006,-4.018610940135098,-8.063008047550094,-9.946192515162334,-0.47156429398692223,0.4338883736509331,-7.658883196957209,9.36389908681805,5.65793399859174
230,6.165994963239248,2.6407089502067143,-2.118702335544193,-0.9978011251147314,0.5037162570501539,-4.688666269460798,-3.649624715686294,-2.223199365718937,-3.9878167983392308,-5.7223547087744295,2.8206107584133484,-4.81696321628721,-6.6347787341239375,-2.734990160822455,-2.613695062670148,5.618600101242701,-6.20691659441111,-22.420196447657215,-7.005786216163829,-0.8526210358848626,1.4550362552948455,-12.145346846726477,-15.773903370705384,13.564005197893055,-0.16867688051348495,2.172944798418672,0.47919885618310737,-6.392380514895326,-11.989395528368247,-2.624978437979721
231,-15.905776883470509,-7.622145893945732,5.604896642199164,2.392578011741689,-2.1813321593097923,11.576719741738785,8.858822557938586,5.909264130629888,3.176199996055805,2.62853992950045,7.049254825020388,-1.9316961198945273,3.855727599057318,1.9056722001643889,-6.798574118166709,-6.7232701184449395,8.7263333544313,0.7008397309869899,8.505817434446806,14.054688980877698,2.3555886172100986,1.501288007864237,-11.9866879969968,-6.316692915514133,-2.4806112723634364,2.1174156452039625,-5.138888994551992,2.0007427700330425,1.7784924420070218,7.134076834980487
232,1.9799846305229152,0.37177472935073735,1.1349573358797516,-4.2164404972256175,-3.464405770200559,-5.9695846710346965,-4.509236257620128,0.9072042458609717,3.3237373538503627,4.9446054464074445,-1.3113835513398155,4.487686067059624,4.933066838624397,2.2255648859091868,9.74713367998271,8.439252535587723,-8.924342265132683,13.91780592385788,-2.7884645094486915,-0.18412466638191594,3.818726314821278,-0.2280520474285482,5.608484957527381,19.312004550440136,1.5052728109949034,0.45433717672776375,8.771645692541432,-8.691178346279768,-8.243535127910507,-3.672902565280002
233,1.8477959006350684,3.445577431930016,-1.8809176263999545,2.0199972370990777,4.454905115314819,2.185737983913926,2.097343066334052,-1.9285554839173709,-6.1039722652296975,-6.544472891929952,5.641192027679999,-1.7441174583280685,-5.617737813385199,-1.0755316560257948,-11.659285467421006,1.5896738871109088,-2.6220750437823908,-12.421661321462384,2.619067835166209,17.993976553036443,-1.1292469652857988,-2.841912962324092,-10.353258187624151,-2.0305075282664387,-13.242086584100157,0.004792184474967431,-9.765096654881306,-8.926451507514686,7.109468807583104,3.024251140678409
234,-12.196530391229883,-3.4792768727205807,4.405657309494621,1.2379206438999424,-0.021324456145621964,9.153657859609293,7.520722711482192,4.473632016472841,-2.1566057877687093,0.22282818435294358,-4.408116850099358,3.2468864331591933,-0.12925475364044323,0.5415739869555274,1.210774223008566,7.895449608216306,-0.7701142467984686,0.13300978617184378,-13.12694436944149,-11.677466657901991,1.225356657265681,3.0164233067476798,4.802876956586255,20.403023662793313,3.36671595203241,-4.650728764711816,12.347839206468594,8.128011824187663,0.11380995309278141,-0.401789685595066
235,-9.957948189460677,-0.8445572403340618,2.4369578229710913,3.24230585566395,3.6192665180569996,10.70924070301257,8.927560225695139,2.5077993589177145,-3.8612041756847697,-2.21262752344554,4.641696353882267,2.634727328399544,-0.37158596517409,1.6190739330172748,-8.496025376952401,6.118873661366006,-6.0868464352206475,-18.747937112561477,-4.735867268518363,-0.16312368630837262,5.38530096469377,-7.481080108883545,-0.637505091280721,-2.528659372832337,-6.536102144854505,-4.4256090573381,-4.243859409988824,6.418521530807783,-6.4695401874713605,0.1802458009072423
236,8.168793149592599,0.9779273764958626,-2.1998755658429046,-2.2643363438875883,-2.386668724493727,-8.238777863169133,-6.864513011409335,-2.2514541045682535,5.106629755881947,3.02939414639358,6.195233532006481,-2.295097821026345,3.7468998969298606,0.9980045142728908,-11.64545259226388,-0.4307474394372059,-6.06596720094847,8.591129081518536,1.1238857362605943,2.662028882352891,13.302801098627354,15.500612950684344,-12.232963549978424,6.224492563466893,1.035461852132904,5.485154632332144,-7.649942503237516,-0.8111915926017884,-8.872532075049739,4.815947884134718
237,0.856242976927906,-3.684457220960168,0.39896180275819254,-1.0357966194816979,-4.332224854890441,-3.231498012732047,-3.278064838052775,0.5590388571737818,6.112032412958559,5.079510458263475,-8.656266514523274,-1.7116293116849366,3.0600612899569426,-1.0547347806106468,24.525400451156283,13.147550814992805,9.807981634521747,-1.9622111850011554,-4.956986580057232,-17.210779544366233,-10.785072458234465,-22.302805581611853,5.234455335762629,-6.948587075776913,-8.740320943631152,3.346019741222851,8.805708350533394,2.3508343366282536,-5.888710555112312,-18.008156797628715
238,10.777139631011973,4.25526466647333,-3.0806806047646584,-3.0498693199972218,-0.5165946953024225,-9.770285486292618,-7.59948883938063,-3.317251287782477,-1.9766487615188233,-1.1558406073930219,-11.456530794336432,1.4759754530310405,-3.6729587083022164,-2.517539115120626,-0.15479048967470532,-5.481195890505432,-12.948254920718043,2.2219291025262837,4.067989427482806,11.442322295919645,3.4710802803140837,15.34781957805834,7.980714321790842,-2.457152048662318,3.7141735380455474,-7.012959497897973,-1.151593831745429,-9.635493894960055,6.353265767398514,10.449520982417527
239,0.005636169666269528,-2.259632701235103,0.010297721048944657,0.3175356378227167,-1.785547803224763,-0.545659156820649,-0.8996935566550818,0.15410463017772036,-0.11655157317351733,-2.4027645691050816,-1.6118937309105108,-6.206950544950711,-4.170538131090766,-3.0184256090908193,-7.153762737827965,1.1793157343654548,-10.42037959099311,-0.5285478022101663,-10.16666179397591,-1.5907188031310215,-3.935441460160377,-2.3343764569563725,1.5112607650124186,11.122656060350478,-0.8880506338825999,-1.0710146602408692,-6.548974406530808,-6.236690474473822,7.102522381086814,-6.965923655314383
240,3.6549936161045666,-0.4100025433089337,-1.5372088708718887,0.32499961643230596,-0.7374961513133086,-2.5513258248912645,-2.4389341391552066,-1.437327339197984,4.895421953391656,4.097367328823249,-1.4001934933970082,0.1510309509079058,4.392580316095295,0.8207854296450574,-8.453874687376674,5.2093407779800165,-6.728084149509007,-0.9640804495319013,-2.584773090906432,24.116059175271776,2.217601933419546,12.819735890477084,-0.37438099037884903,0.38821790980125553,-5.186499827908778,-5.954730069551264,-5.814852483891045,-15.08089405263602,13.913544846873629,3.5828786579468392
241,-1.8790795559151021,-2.3868441871461217,-1.4632934834467932,5.156234924081469,2.394015160626162,6.131672774147807,4.163309359853376,-1.068564073322513,1.681804208883871,-1.5995954842016653,5.841764982541239,-6.471239920037304,-0.5706424126537852,-1.0197553263526955,-17.299761270258454,7.044248130116835,2.2311508866153424,-16.415842094194318,-4.63477247706352,17.974793235496424,5.010183882779467,-2.492115618537892,-16.74252400468553,-2.0395947630808076,-8.777217493654913,3.1887095152517206,-9.389617828611302,-5.374611465859987,6.489984101788217,-3.1030891673181786
242,-3.0997386415308856,0.7353427200876109,0.7647402696722216,0.843479140634758,1.8940595732521606,3.5447794023529187,3.154486024796808,0.7218569007384645,-2.1599316779336704,-0.11053861777236151,-3.312071263379262,4.052718704119338,0.18236167908753495,0.766505321396142,15.70422616768042,-8.412569526419007,7.41520171567199,7.386938243396864,8.969101120006846,-6.404429442417734,-5.456789147281327,1.4566995378665704,-0.296626511192206,-12.935890405830229,-4.16123279960216,5.6038875885280195,0.6216450292637421,-1.0421470095048693,3.6083795618433374,2.6355321827824874
243,0.4671170609709368,-3.839269632470551,-0.5002448041297118,1.2835749629848046,-2.5027893433085837,-0.4542250369883031,-1.2490524981372337,-0.2064162077217248,3.2236490836585636,1.4639762489684083,-13.212463821460744,-4.514691500605537,-1.7443759511394388,-3.7065433489992112,21.086887341856,3.4505236821125647,-3.8387956008511575,1.9039485124121018,8.201328474543626,-7.475067368967559,-2.819290507412451,-9.037670253725693,20.717814384544184,-2.390172678545962,-2.715497415605901,-6.657812693167484,6.206389159097542,-11.379560597832622,-10.990070136810495,4.8702906402175765
244,1.5746853493290318,3.835892761184315,-1.8051171961673267,2.0262275178394873,4.860551207995967,2.55153487315433,2.4865852240462942,-1.8785029897647596,-1.6323813468859778,-1.1270738334314419,11.773517938510608,2.8701010432007625,2.45662307946593,3.1526012824325442,-0.23907150939867094,14.46086194055822,-0.5009772885516813,-21.542578985459475,0.5294276851129505,11.819157554090415,-6.8634731695714635,-11.940135054359677,2.6798888576817412,4.171480195429614,-20.406384937767054,-12.080399560757625,-5.2317362137752275,-13.03432787631801,-5.949711007716365,9.361803854594632
245,5.953870994544238,3.1194192186634533,-4.2721745653440975,3.816988154656639,4.922372785604049,0.9441813334312327,0.5633266893349977,-4.13397469857219,2.4622262921459335,0.8057905720125857,10.668194585492632,-0.3064373845809096,4.298302228546716,2.4343584982733235,-19.448457180633238,-9.585985937268921,-16.72174859258076,10.780181167540942,-2.3079441495592468,-4.336605854332161,11.493375944622937,3.1920222124202753,-4.5301324616373995,16.594825176901413,11.176905970044883,9.39458294881129,-7.5428251194535925,-0.1218638893345182,-6.437115048299601,-2.161528941246032
246,-3.9182647748648445,-3.634608068984199,0.7947281580931933,2.13863954512216,-0.8568498446963485,3.8603685690072145,2.5204363843751008,1.0552244405453857,4.831909399942905,2.758511230436151,7.398513116387781,-3.2536773649586848,4.210714406567168,1.3538663801865018,12.212497204532498,-2.901663207895083,11.746142520464945,14.386209360241667,6.183238830211741,-19.459395715788407,-28.764758028375635,-9.825945537578898,13.733141192779714,-1.7147464542756081,3.713561988635291,5.52540945103798,1.9812578854532794,4.780527436650708,-3.4589243053491128,-4.130643661507371
247,5.006029786072488,3.9972314784310647,-0.46556764577579024,-3.8356879613179866,-0.3951293679089759,-6.397706510419756,-4.425161385028077,-0.8249140524196161,-0.72998758130223,0.7557957955486926,6.300090533308949,4.210438486689485,2.1656911466194186,2.531870256238959,-17.05788900375659,-4.804958211084632,-1.4994079460024734,-17.39713925856058,5.961063289630425,12.814267439042158,22.728808048350402,8.704489275806703,-21.863562373487724,-0.9021301896984609,-4.470082968612293,4.694081163412274,-3.1742609580946186,-4.6493042486314025,-6.811541304110039,13.944613976746387
248,-12.284060576657161,-8.57935914275113,4.5102189390896426,1.861808891901538,-4.110125079645626,7.8955540811907445,5.484612581369422,4.895905859850013,1.6620392943475506,0.37944893193657,-9.605742969561135,-5.597417897822161,-2.7753124347578635,-3.378772118256238,12.576687662772931,-13.682902600952099,7.273057144787485,17.048393379522476,12.990744678760207,-2.799388824215809,0.016480693721197218,3.7853282764991856,-2.2293824611381448,6.385868358406202,11.567890421708137,2.3257606990380406,10.182593796370046,-7.335550995703971,-6.641035587114809,8.277961869887639
249,0.056051120343423126,0.27071788234101235,-1.181740856559727,2.4947539964281487,2.281281597397803,2.8028438770411723,2.0814282751787956,-1.0545872097215738,0.18313917297501667,0.6999659797479143,-5.726263401801062,1.5602601099264037,0.6068149158346484,-0.275655315284349,11.200748431654068,-5.590308199366234,1.6614809226076956,12.122560499246829,9.285385503208188,-13.868114654462573,10.299391454547347,-3.119508043160122,9.983717438052494,-8.725866507548755,6.042675160394265,13.254030619415248,4.357593078482779,0.6931199280146456,-8.617303656662227,-1.9300809188441148
250,7.250413432368981,-0.2730652250998983,-3.4993237233507832,1.545984909431149,-0.2348780131390431,-3.85900098636878,-3.847552687326262,-3.2801955264876876,6.152153460841462,2.4678579890212156,6.653873210174804,-5.27551350622842,3.6091045815094196,0.22506491879918034,-8.268673342701186,-9.014127738099942,-0.19919840329951707,-13.757120876887912,-1.5423372904906736,9.53438616329701,9.293265773966727,2.753427459338953,-5.849911986339665,-3.9867356978468083,9.3588578109678,-1.2658618023903778,-0.9322963975112828,-5.47205787815177,16.31023385718955,2.2995957208856987
251,5.419726021517012,6.18032183104825,-1.3827254042444537,-2.514383407152988,2.5925646128215836,-4.398448900942839,-2.547865622361091,-1.7820566221120588,-6.886649599712713,-3.788916595589997,-4.706318484497308,5.738866713940555,-4.26843266862174,-0.30432452383133995,7.846256021139975,-6.6262662876653975,18.281349122625997,11.285619330547924,8.3733451828292,4.877527598169441,1.4890227333656954,14.78465031557904,-8.176224502415149,-17.6449526334822,-2.6528217097211773,1.5410894532098798,0.8497317110816605,12.759833393517635,8.484076775764542,8.261527819862534
252,0.6185452781393445,-1.1324103791236295,0.42440848310725415,-1.2793862098055244,-2.1812065832455554,-2.3151198034365015,-2.013025953698445,0.4248726653143984,-1.6217692339321113,-3.7540351670404726,3.106040866548828,-6.154243799653079,-5.058944057794974,-2.528928649772733,-4.033427488952558,0.5841485196201063,9.980256949755688,-11.396808743840248,5.552639251695842,1.015656951019887,3.395051419953146,-13.205701726270679,-9.084705106435992,4.166604500130925,-2.807095901307062,1.1194264400419325,6.49601906324238,4.060047363400758,-7.947379473885235,3.2043471154006427
253,5.285825970710143,3.757189680324754,-3.611293569309835,2.8411047876190816,4.814916661724455,0.6262093602119666,0.566953738771327,-3.574581248401055,0.6983533164030404,0.32485453949586396,7.217458448480268,1.7622769405788328,3.221801270708502,2.2441933667551828,6.32929578452084,-8.145549608925789,19.96657687250138,11.639123791228428,7.505927961196062,-6.138713630037619,-4.866920219473966,-2.8844932577136033,-18.62354119315623,-5.377681647589705,7.162572681673488,13.18886303343638,11.214084529877375,7.793626926363415,1.260889393383796,-10.241887829379351
254,4.970519070617446,1.1837210343965199,-2.197057405038916,0.40923246067962005,0.5460937520495399,-2.81973873781203,-2.4580206963742937,-2.159968951868139,1.878107123003477,1.776932051540395,-5.347444412406162,0.8488231877125422,1.3158427598042508,-0.3764627591809428,3.8306754060963106,5.648596787255854,2.555368325854997,-3.6054905040847927,-5.077341219997692,9.608128456076075,1.9169659347294508,-10.90633327957524,3.8244284901675876,-2.4594566666063478,1.7912215544111592,4.001073303576025,9.054603964628678,-10.431715283354428,15.940187527840516,-16.061029191392073
255,-0.21548632581340948,2.4193401004501642,2.2887861876923488,-5.190390906577402,-2.0298777621953383,-4.582384940679728,-2.747669236488576,1.8566984501169241,-1.7970334504250862,1.9004914892309583,-1.2163408886795133,7.620616025557737,1.9969061264838472,2.4503706849945877,-5.581918439323337,-1.8951631409786034,-6.2824875535652405,3.4063799002667525,-1.0363336817054314,-4.943798517414309,9.745458476723138,-1.7908423091951975,15.445744827858146,1.0966875437704215,1.6676879969567633,0.12630421698837369,0.5223554634665278,3.3097328065034075,-0.7822693536363058,1.2691241199207655
256,7.27803223273756,-0.4061951599211911,-4.780179557523196,4.343159050113532,1.9338611425217411,-0.8618997940789772,-1.7116933090015667,-4.394752492541857,4.588467891669918,1.1020977804323597,-3.6620537931119173,-5.548573688920784,0.7372245795306644,-2.118793255691314,-12.578947318874631,-9.96264106743353,-2.5581627256477377,9.303337053250557,7.361805876716401,-0.5688548732489015,9.418016428844902,-2.580620654701598,9.29093762105022,1.4514283768803968,6.28607527473052,2.388816547162107,-0.6366533939351129,1.7334188653331957,-1.279089717177437,4.44774794559951
257,-5.134044069181561,-0.16869156917726724,-0.04064686124123338,4.466668427811232,4.399638541583217,8.6943757546234,6.958938452434495,0.1393616375366344,-0.5329629217192738,0.8211669020436738,-1.112217516606792,3.61855662511851,2.4608904263933784,1.5993672492532762,9.120296890347124,-21.077999087487285,-0.9250183869938505,19.673147496284162,8.189210031233209,-19.60576844096928,-9.029033580955874,-5.956779010031761,21.06345061625774,-1.0436496443668553,24.09433973372193,3.7194279110776596,5.4359836625813385,7.0280088458376655,-4.026718172181023,0.6307110619127257
258,13.204399756536825,8.596555416979465,-4.314461773189648,-3.0725664463714306,2.973341005603266,-9.909353835850943,-7.064494568375891,-4.754919404082042,-6.138919662433487,-4.979160555920403,0.6841969209963527,2.667868692440545,-4.935032587262463,-0.7262555721753771,-4.227911287153312,1.2601907582405623,18.29894681088605,-15.64414203542632,-3.6102712645005437,4.48991736671732,-4.250184160407895,-11.034104162817114,-10.300910024808408,-1.2872018439013566,2.100299639835414,-2.129099461901721,11.060155712546795,4.691999792028795,7.2377432686553735,-4.922243207809073
259,-0.17671716047641514,4.146429942695711,-0.7255480007428514,1.1032719832017104,4.6879705274462715,2.976875346755067,3.103690458264889,-0.8966021068944129,-6.723826653324454,-4.148093136575983,-2.096080148278022,4.65299640919091,-3.58467736632993,0.10814558597903393,11.619207613310376,3.5597996133524403,11.139557367359576,11.758379595343845,5.884938847730404,0.6584070837010256,-2.211182485773109,-1.8387745174090508,-3.3674873418198246,-14.641083652661777,-6.973885842339433,1.1725157249164377,0.518640404070368,4.267149703760986,-3.541988442644845,-8.092120709844426
260,-1.7521694861167032,-2.0088976861147616,-0.6188947019714007,3.1449128944058913,1.0645651518418597,3.9774537014216453,2.670965394094937,-0.35709092018262223,2.8445317865526154,0.23771521890062117,9.35476248874384,-4.460718161875183,2.010326589048041,0.708842649975039,0.5377134744236443,2.2741653536079287,3.3220782126797737,-11.924217594447391,-5.84518104251329,1.9167409060283223,-10.642336938580046,-3.793660528932066,-9.14560673738548,3.221395436488738,-8.558870970333649,-0.5580982822051599,-3.601539894792861,-1.717134849674666,13.726632879210417,-0.7595379082060514
261,-2.3282142885509245,-4.8268145409559144,0.39265727973184694,1.8517362003114646,-2.446468572293812,1.8810401890355255,0.6040066555385585,0.7287563997725222,0.6465654668955312,-3.4737396992010807,-0.6492467445097871,-10.737687776310509,-5.777680418624834,-4.478753214549256,-12.534093730579041,-5.6142588280462995,-0.8934249058098175,-2.601059805676321,4.041190769882232,-1.2363556884266473,-3.4709741400843512,-17.579931224807133,1.8612919043531366,8.924871889802835,-1.0782225241043404,5.195281243607723,1.1635329592358523,-5.6586807234248875,2.4487154376773947,-4.907760567460975
262,8.106380946765611,2.1950598967598154,-3.4739024762280266,0.3881720581483515,0.901019015858062,-4.80100776830991,-4.096206606134167,-3.443952404129532,-1.0788659037738506,-2.600412517919338,-5.3366408098453,-3.3589404832366805,-4.174348696862348,-2.999355675296731,3.771037846458214,5.5529492662265145,1.8840845624093328,6.947280014373328,3.5607905909223767,-12.081281567253107,-17.767684881845963,-5.237917323054893,4.405060336856079,-3.214962715832019,-16.151830882209165,1.1289662592549465,-6.160774498474477,5.168266459133565,-8.834116676569167,-0.38010008610215196
263,-13.544615234850205,-3.3372751303781687,5.361822379201222,0.2685892458434109,-0.45431194795608676,9.158639479070223,7.740715730588064,5.3453521384676215,-3.0144093784008192,-0.6965021741924707,1.7660886333840757,2.9076850765754148,-0.24679872093645797,1.3850664470039777,1.816227278023672,19.33293048963286,-2.3523499171389664,0.07554851390330843,-9.838592173017872,-4.735162118727534,8.896776879078764,-0.9266922784684477,-6.455027791969457,16.284898622803876,-10.403036786378825,-0.8834730933017736,4.237932517094198,0.597028249722107,-15.327762144560955,-6.369819732676366
264,-4.723565894960014,2.266353265163422,-0.25277953775635637,4.210891268968631,6.32252164358158,9.064217264345661,7.71347886729347,-0.21616162562387484,-0.7207639772722328,2.0173106377422854,5.645045189355185,7.9435111367160705,6.01863820975157,4.703956861637555,18.688473876918607,0.7258079169367627,12.108025554963225,12.640251979787013,-4.771252176929234,-11.483843962365729,-12.847506245080295,-4.360027232892532,-1.941705466284912,13.565555319574583,3.43140650829693,2.426091666963824,11.223638971743915,0.38837079288842247,1.774227872158809,-4.546039282051083
265,-4.817801128486003,-0.19680642663988868,3.5527021512825514,-3.6530729900468324,-2.3396992513223385,-0.46689103791731196,0.27830726750294094,3.279401392053334,0.19046650883178196,2.4447066285389836,7.123454776504478,4.886354463213971,3.937840732442177,3.548027356039006,19.095531322502115,6.7627034412390685,11.327108572255197,-7.875616101670413,-1.4131351103360836,-10.459497681661425,-27.92129066256115,-17.809363152798056,6.7189278256255305,-3.3181382373825232,-9.906539267201719,-3.326878241211179,7.057936935345893,3.1189826771972564,3.927583236437903,-6.295724119849739
266,1.535502868807118,-1.3786217458337746,-2.693947089707324,4.79839630624069,2.4216537303144774,3.570068173258674,2.0661842403699904,-2.320786567825183,1.8733183904000794,-0.2868363295075958,-5.460733431269249,-4.052751374310831,-0.9152850990630073,-2.225400142624584,5.304663281022415,-6.986995222629157,5.810212809133935,10.099697142689186,-3.4213561021061314,1.941900713986649,-10.4001420967399,-2.577109624249039,-4.731319081758618,5.37271106488717,15.077983867393499,3.253603477448097,7.942836539090113,-3.2521060338933587,11.426303755381282,-11.105039366448697
267,3.1849800107945416,1.540950731257535,-2.9747896265390112,3.5686125844670533,3.7696689646965256,2.1305774117611906,1.449404467428722,-2.807268360888244,-0.5459757924912405,-2.1842475565300425,3.5340488933461347,-2.592346110560259,-1.0620249306866159,-0.5383326796425411,-0.1638938523778849,11.042865013182363,8.188502876677752,9.097566560467753,1.090590777182227,5.225766335108374,-2.5919634569942227,-14.973397691834652,1.6539635866300704,-6.354754154861026,-7.685725477551283,7.03347128512579,-5.352044074488413,-1.0667323793369066,-3.5875373923859395,-15.404862013854997
268,-0.7642708166804163,3.1289876883157115,-1.8161899894228497,4.141013519868106,6.3602287700165006,6.352020454386557,5.400245512963316,-1.7679864410157684,-0.9606606308554183,1.9202670089280163,-3.3903027734166984,8.024875395381729,4.220635461853286,2.8105786683979526,8.721366188177134,-8.696174029415806,-5.557849838870454,5.3684005585699035,-8.477942339952259,-19.24160771850311,-17.304320500193015,-15.195209351155482,14.04714509039298,-0.8458018513051785,5.5739555478951655,5.009512498718157,1.726377132995288,7.241062100231553,11.138449172733027,-14.118046931538643
269,-6.256414452462285,-0.12854158399271076,4.255977799583675,-3.98153279023571,-2.2981526694361647,0.2805235755900953,1.031640461759568,3.937184707406628,-7.07094379750278,-5.440019434650712,3.2210742108088106,0.011392477284167877,-6.547986539950178,-0.9679240954021413,6.221250692664674,2.263487052247019,1.2353949485926128,11.983415010146132,-12.561398219134162,-8.8538472788156,-15.727801571724754,-0.12871200666967153,0.0845764276957137,14.98957766093276,12.273919283913948,0.6295560389788213,5.210742872474718,1.609756283705023,7.149047015683464,-16.263954958250274
270,-7.856008445600896,-5.6308514488804375,3.754843199562501,-0.6903038913038873,-4.301583752565658,2.928033836606043,1.939934163871612,3.902969511318857,2.1952705231970064,2.7033781518536903,-10.590461186043854,-0.6450802980417264,0.0710914572233748,-1.5537812119878702,7.692530521717804,-4.661555162935402,1.614185194716454,18.914988819638285,-1.4580556583821906,-9.032284389102161,3.4469342382692383,-10.277161268191541,5.32292253196261,-7.563514794136008,6.852846721782078,16.458862448508853,1.4997405513738113,5.364148910187199,5.2191224271391565,-19.71351874013984
271,1.0221061983727917,-2.2467888767325683,-0.31749127746426786,0.1705558778674755,-2.0704982666581535,-1.4657668380231597,-1.7020915538129302,-0.16641160462681828,6.100505838547524,4.683171925227352,1.4921859232872874,-1.3246114121895747,5.144709683577984,1.1000005065472227,16.464267867573234,13.718136064097486,3.7485592578669475,4.906846719424215,2.572919219502592,-4.971224661382598,-0.9130179257624308,-3.9950436715286495,-6.082633563551389,15.013230187316635,-9.982534533173705,-5.14914138769975,13.45804516911985,-4.744287869470892,-17.072987690672008,0.22406604507552186
272,5.225379383281872,2.093306008928924,-0.6357955903317402,-3.358922252001143,-1.765183136964221,-6.789088863018279,-5.163137408083438,-0.8586776123685178,-3.3477307362119437,-4.329561354756096,2.5304612636873625,-3.462964961803163,-5.597007765703163,-2.1190891131654195,-14.360059319529531,3.871896864212993,3.456362523437644,-2.2742125482705386,-5.009558845384325,10.058415945399771,-7.3534614209059574,3.2294228299974415,-13.06803664513911,5.704526437827479,-11.066804558421415,-0.39165435413472993,-11.053518235244498,0.30214567935809544,5.177354646306628,1.7937757193187605
273,-4.92566552501567,1.4116549473929605,4.769780118271003,-6.467929682784496,-3.173855049121533,-2.8420360625010765,-1.0673339215361106,4.245801309084519,-5.2756848241894545,-2.555740401934806,10.101397898401144,3.7764098866287164,-1.8507059542045325,2.2531445358690676,3.6659857649098546,-1.2159803389244308,4.659376419234632,0.21168560227419517,0.19274152871450062,4.258083911110686,-6.580801605736687,-4.124817142358874,-8.797533045615323,1.6942274121424556,-0.4374684718052423,5.592006613805709,2.948198960772403,1.7444056729330575,8.089307815122853,-6.386113532992827
274,10.263929897562775,6.51273141154042,-4.517468015555526,0.18185111091137843,4.265695347723468,-4.948254551600368,-3.5354435702293947,-4.704820751954432,-1.1813302299455122,-1.0302948087825896,6.88954743538191,2.665192945591326,1.3640871476116752,1.8521019999923822,5.303740362779629,6.93743538361996,7.5572090933072715,6.3532810446811645,4.706723611796364,-0.19936873466864455,-11.130742999669186,-11.022242357138474,-4.94886000513763,2.215238011018619,-9.094063514908747,7.670714331333344,-0.2656697824696681,-5.141135849987217,-9.471708214265863,-6.0651132258563125
275,-4.782849935475316,-4.823678974503884,0.06382873452773591,4.650921138870544,0.27712182378129296,6.799329311782302,4.5009570930913885,0.5189212291164848,3.0554999070586204,1.4223944235341042,-8.878937357673585,-3.8127763232036003,-0.03268787714552366,-2.2868705082701286,2.523961435090292,10.749073130367506,3.244423516559622,-7.249341913861068,0.6593013293953769,5.277077067786398,1.8496404083411784,2.001018937521687,2.4173969253800256,-3.8305275385259963,-11.786599579705797,-11.77636779703557,1.8996752816486409,0.3333850086442699,-4.530816013315867,6.9303157630472665
276,-5.09189114593319,1.5169332160240845,-0.025680406173283273,4.140984148735865,5.650745073516472,8.969104260740416,7.527959934401723,0.04276523337766071,-5.5353788520638805,-2.991959648710005,-6.403029953386382,4.468249361944639,-2.6305921233657283,-0.22332491476221802,1.5032055648398277,8.181320808884637,4.760515930892791,3.13554265663591,-1.048373791477898,5.1508603123444425,16.83884605573969,2.5301656784166187,-10.584449646905068,6.766005162622434,-4.390166985709143,2.164900267424941,4.286462348500283,-3.139607653334898,-12.329315522618794,1.2425076059220994
277,1.8708612930049786,-0.9122598729329834,-0.5841865457573864,-0.16951339607502006,-1.2886225009588146,-1.9512364417333636,-1.872136942240481,-0.5130040243082387,4.662335005595732,4.72701013456979,-4.110537922778027,1.6222497245429814,4.619645798577396,0.9278436135720298,8.263928651639079,-8.361816373297305,-7.179349430308075,0.7076509354849464,3.7037074802003334,2.2128589560225715,6.196430350811516,13.820435414537764,-5.3613036988684755,-0.9613763199523506,-2.0270394019239277,-1.1081044265322832,-1.8157311535137992,-4.907306402316626,4.493287329150064,13.338554830837253
278,-6.046087446008685,-0.3781641156210404,2.19736028744201,0.37892007999754335,1.0155871498564912,4.810362792140014,4.225896632654081,2.1428332664345295,-6.038305153546286,-5.906743726897104,5.167982513735971,-2.1693253288959577,-5.905308265266855,-1.1279340753734017,-0.02909473953318888,-8.354109906625439,16.732423023298914,22.07875065553796,13.728914596861951,-3.291156227860403,-11.125843047535893,-0.4940520468762114,12.996401159786844,-6.501669828770064,2.201273576917536,9.272339521743055,-1.4623607385477961,3.0584445396494635,6.553765625201084,2.566977622186684
279,-10.093635973273713,-6.738759036294517,3.7565332976279446,1.3718784853660047,-3.225506323948183,6.4366991727032525,4.539051667286844,4.047207779792355,3.9431713441068994,3.528033121592728,-4.643342935804196,-1.7359643795632709,2.421658933134723,-0.3175678420567656,3.2732493530657174,2.6884278326485416,-3.200605527365242,-7.7077470630646685,6.463844619623128,6.348392016857541,19.22840299505817,18.2474984900569,-6.140439164849537,-9.71965937222941,1.8959217991475028,-0.7527428229903042,2.827742990271768,-3.5309368890507566,-7.553736181953491,10.873317868930844
280,5.886304304173637,5.604936667271118,-3.874911095602206,2.6264491326675192,6.207109866056295,0.6671010306425429,0.9263771059474238,-3.9435325676266726,-5.2416193288983335,-5.110850802533306,3.6961972799368885,0.7870246387472316,-3.5916006995824437,-0.26464860614362823,1.452059591620087,-3.2870745893786486,4.851640624769275,6.323810168608832,14.011064414007228,7.689112552686633,5.220544178823203,3.46348225358405,-7.6411919511903115,-21.107180485676935,-8.577098389789548,3.5364482267581003,-11.14270861814502,-1.0359172120533986,-6.598676824219821,2.1377690000090532
281,-4.611132138705763,-1.8304433710448376,2.758736059280239,-1.8431578317908108,-2.369606874293142,0.7210272473339451,0.7454670293602647,2.6821741784622652,0.5691774088263075,1.8324157929945541,-1.047657179342925,2.078296010887376,1.5019171847013157,0.9185666789798163,-1.4254814403282272,9.616958836848973,-1.9396105527947334,0.6235064030912758,-11.384568700507883,0.007464372466496536,-1.1079519034463798,4.611689214244483,1.8276325672748592,1.7119167220630438,3.3161470672260873,-3.5362637727193267,9.158424954859846,2.6536215925703064,11.282981600124495,-16.4571275972005
282,-2.198563288554428,1.0630033245732773,-1.1016501822197473,4.109957563215211,4.713418114828564,6.5820495500556255,5.302494500492383,-0.9632700765404453,-4.014525700746668,-3.151444930824258,-5.498997285888293,1.124889945494009,-3.2281636005706345,-1.25086381253043,-9.18310517414059,7.165876212744824,-12.65616489302355,-25.90191178257409,-11.635745014055468,15.534887573681788,11.358082435734012,7.168817888194007,-11.06806112243508,5.893896868181413,-4.320166337799396,-10.66128042641557,1.6183997750378216,-7.930834721219526,9.037362788252581,2.604894513953984
283,-4.160296336011237,-4.313241096376194,-0.1971614103083479,4.615885843844388,0.6025248446792045,6.494087317891858,4.308559494546149,0.2375362232046528,0.37081556441961394,-1.7413496997428797,-9.387729991157661,-5.94323408084433,-3.9837725214717796,-3.956728289420457,8.291535837368272,-2.353799087760663,14.378867867506635,12.891749612481826,3.9603002364202644,-10.306754898967993,6.901321412126997,1.1893014019777712,3.8844444432164003,3.383521064413801,9.618405451553489,0.5511733809378747,11.443921201303127,4.759311736636397,-6.088291407103121,2.17145453157151
284,-7.051364401800974,-4.642503916189744,1.2151226504990456,4.029247512728239,0.32410749981708037,7.893007452369007,5.6438164332467355,1.588512019850124,0.6191271908403162,-0.5175729569872999,-6.631159702334745,-3.6761532126872467,-1.893629729838271,-2.3095497143546484,0.6744965836677372,-8.243629752659325,5.639193970249492,11.581358099625149,8.467285543109915,-3.765006857343134,2.3266104476544722,21.959068155634185,-0.9572812863819765,-15.83670171089585,1.37982816574184,-2.9057708951227053,-7.866485949800515,9.533246214743592,-2.6482730751101484,13.295676646502502
285,-4.002903393055956,-0.8748626158115665,-0.19254593073701165,3.9476684608206236,3.139014847946024,6.996567377133835,5.417557301782736,0.015509380173701126,-1.3240614226657932,-0.8163359065939405,-5.090639148512292,0.7493424170212041,-0.8352541641375792,-0.654058116043771,3.1089604074888166,1.2735410751307998,9.487725830654684,-7.796166864446571,-9.19082476146435,-2.7352329477065083,2.097064495695958,0.6762050760240174,-22.44980088651938,-9.437465234984275,2.833096367460293,7.793053037842078,3.030004068555391,11.212533686456316,4.997427149767162,-13.08476307873215
286,3.336890195527696,-0.47990198324972716,-0.7635587491957845,-1.0860735050424153,-1.9029091233543076,-3.8886640956644634,-3.3789174366352817,-0.7448244208332764,5.719304108106572,5.990040089789191,-3.882013270174059,2.56569198218445,6.0361225663514215,1.5376765036430093,11.096479285525264,9.717894228971062,2.72298930798058,-4.174940160414814,-3.1091410439124982,5.088614952180749,-0.5762002697215979,-1.5934806491743598,-2.924641921808011,-1.4721330618196125,-9.554375640224043,-3.1037585583865783,-0.17490498655739434,-7.9900682217715255,-2.679486516322809,0.5832672351327495
287,10.995038453786643,0.5161887564216696,-3.6064489657851255,-1.5145243484471749,-2.6790673333234634,-9.721418901273193,-8.42790342310627,-3.5445039502499736,4.961575005513856,1.334065345463452,1.7864502010383394,-6.195381409187811,0.4990005777227923,-1.642015092781893,-0.7446834789222438,-4.866915332597073,6.5824661185066775,2.8484777390785996,7.048644484323188,1.5115491618144823,-12.693603268057688,-2.24197578441245,-9.587257869325386,1.2973488192709481,-0.7338009527027244,2.9408391296651484,-0.3923128414802467,-4.787857834005053,-3.0750321674043057,1.8549898614381726
288,-0.49606776611631853,-0.44955079814201104,2.479009602935577,-4.930620176256535,-4.364615927460652,-5.216326654458897,-3.8079279124584344,2.2167632226152776,-1.1582814554355572,-1.6518344897342228,8.181438006043035,-2.34077600514848,-1.9876363809699824,0.09478285021322731,0.5073198401056581,-6.813315677524749,4.907721066043997,1.1640782548463966,4.48043180722484,-3.0082377847336184,-3.355659511463824,-3.4841752699223516,-3.113499423403265,5.9650420174333005,11.628545728383948,1.9307581987838,9.723940398885631,0.941299281415135,-0.02611249774008756,-2.4476347750930563
289,-1.319372252534579,-0.8766463040013015,1.5196558744120363,-2.070153327083059,-2.2626466749942074,-1.6260982714498586,-1.1917248969998882,1.4299939618502118,-1.880263458120233,-2.9556185616139063,5.518112832354589,-3.75779296961408,-3.485684375866957,-1.0511785394143185,3.3450523586363845,-2.025906785351532,3.434775581762865,-2.826353878061125,-0.31350963234186346,-4.385205797597389,-15.974988329661771,-11.979656854629095,-5.321615319649369,8.429594870189316,4.738343466685547,0.43882666817319604,6.720831180242275,-1.0227563696171513,0.11334237030685945,-8.094055314725194
290,-0.5731946801529271,0.9519311020843403,-0.4800170208237302,1.3900589136568122,2.1007817549207193,2.331437104228664,1.978370213039689,-0.46344209544430315,-0.7258190289366614,0.9507562843255866,-6.279853559248204,3.859237582341163,0.928286748363441,0.38141909284209563,15.273914031873174,-4.587971295945895,14.078302196140944,4.883351733542956,4.0475470765074295,-3.112981573167537,-11.232842426729,-2.8205248360537403,5.590050680005433,-11.40244023792015,4.333347399014816,-3.053373174986033,7.190059814254977,9.138136160550419,3.4132807544345813,1.9723155412919706
291,-4.026946725248962,2.177748929831711,0.10372565043120492,2.854488450076137,5.009285311764227,7.016997980273422,6.116465125369896,0.07961911917116647,-4.492443478942436,-1.8054768425880652,-2.0960537408142033,5.482651666794258,-0.5619686564876226,1.1943686613653464,11.39682820340229,2.5028931578586535,-1.5546897341495671,11.494171080349323,-6.675857760119639,-19.01179044841979,-25.158853066236293,-3.637663027495222,15.896995171941748,9.546718722024753,-2.428777427045709,-4.699391329685186,-4.74062260518763,5.211379293302694,-7.053647133397149,1.92347877489528
292,3.6412541003222523,3.522070700907748,-2.5877970352812323,2.0334479151937916,4.224569445832431,0.8829189706615772,0.9256659903591606,-2.6101461950533587,-1.9912092818097094,-1.6966059206176267,2.9772181716283703,1.6651153972390804,-0.13640086692854114,0.7881407617750256,-12.19495714558468,10.2943810027102,-17.909524780040414,0.5073853048908544,-5.02309098667279,7.575236696721089,12.83053597513352,7.685590449224659,-1.6742627112186754,0.7941000382428358,-9.416168477743588,6.8073924319374335,-13.120797501663741,-10.152912503991223,-1.3620727932007441,-6.663010654590261
293,2.255122934207683,3.4580706720930303,-2.6142317532212864,3.2760124958334775,5.4257477204853535,3.2632211049857625,2.8242113813023355,-2.584879671964504,-1.973747600166494,-1.2689619799000675,2.4973603293606486,2.8071637760293746,0.7584023240402139,1.2962454877040994,6.414572986567275,5.578221063508607,-0.7624612844584493,9.926087705573028,-5.0657171835499994,-7.239776198901034,-1.2319681235199786,0.04617066903120664,-3.3779069950760294,8.724112157086578,4.698069566214998,-3.3436944411714884,4.199810418111576,2.30005231147046,-11.068641439052705,-8.517314477465828
294,-6.345303948117909,-2.0749602924094948,4.003315470216847,-3.05677015492923,-3.2858726304786554,0.5957733230786536,0.8378908355842812,3.8437813903318556,-0.9996075666649392,1.2312309568555007,-4.150803067642201,3.1443083272444854,0.04011240307791346,0.43231221156262173,10.561615757175938,11.344366487121052,5.298078986975286,-2.465249840830325,-3.4193335801531126,-1.4013706695203314,-17.370126812814277,0.13794732558739298,7.1927794365849005,-22.515320443366413,-12.814924384205636,-8.486662722042,-2.913223815953898,10.903818412688267,6.963532309174892,-9.866054681483803
295,11.13333336707303,5.636322143473755,-4.3538496870147485,-0.7790985154021721,2.533882822768163,-7.001528506893434,-5.33621943345367,-4.532918459362468,0.3111251251877747,-0.3370853231025014,7.531986994613991,0.9968162808212931,1.6502214426836166,1.527287612384949,-6.041013471953397,-1.023445485548026,1.9532446527949652,7.2390789634392965,-13.797485930939075,-4.033037138604249,-2.265897803040142,-0.8909953052279485,-6.257556834403546,14.948656154416224,14.366608087997172,5.543804294932724,5.9955961339643284,5.614558729096823,12.170041017969668,-15.248276501575793
296,4.267156859075714,0.7158649512232994,-1.9079597510952464,0.4448200173622554,0.27367511210711876,-2.4363952337080854,-2.188522787795022,-1.854111356350479,0.49430274070451913,-1.3275382063262324,2.556192625122355,-3.5086992162064408,-1.3604809242589444,-1.0495185162053562,-0.1388792265757423,-12.166162373658368,-1.0216744665516337,-16.834814014712766,-4.067504548098157,-16.11264400341992,-5.733007828720973,3.2577447740059973,0.06378716744989227,-1.9697218728942094,11.14526053069072,-0.07292094679456751,0.2226244509959719,10.439180347360443,7.3026768561799305,8.690435269131205
297,0.9179654579685492,3.2501908644076036,-0.6687025732131304,0.18781446638011326,2.936506442879322,0.7964372790529158,1.17558104117482,-0.824176943611276,-5.658793094941995,-3.864606578095776,-3.419788362412681,2.739156693447288,-4.174320804963304,-0.8054109251806282,6.322266351775105,11.542354314579676,-6.52030400115893,-9.324950343915784,-11.522333025021767,3.8251948315930338,-16.054416395085415,7.178033422109474,-4.101624522587283,-8.300216928101827,-14.600396378407881,-10.148601526177124,-10.422659949438167,1.6405142272224122,8.42867263573484,-4.591793650413173
298,-13.776276931066914,-6.6044250855296,5.3724048284017405,0.940406822751171,-2.82002406451112,8.783359949320683,6.772152702756515,5.572061500464898,1.3449409258268996,2.974120657130124,-8.803049512503407,1.6014181916611308,1.4207500118304432,-0.15863147469518865,5.072587715531571,5.883576729727736,2.2296295943787614,11.896138378543478,4.1866517353331805,7.286729403206505,1.5969555062410519,-14.518958191669435,14.584131689665533,-8.010300331631512,3.2439655709307216,9.87367598568873,2.363438138829082,-11.33235171120603,-4.509520493651161,-15.396901071221171
299,4.780034135677416,3.923991837850504,0.007583232733105311,-4.667363631371675,-1.1043437608698112,-7.16960592019804,-4.969239339251743,-0.39842588674553936,-1.9249113659865804,-0.8736776770472947,8.601477405245538,2.610543350125959,0.3005737946305427,1.9738008696278702,4.02857342104904,9.208892624222496,-5.978006233752218,5.055066575185179,1.4826319686196416,1.8887662973733306,-10.355266991127847,-2.248126263353365,10.133512534374688,-1.8561223106807025,-7.419572319671367,0.8200470588160023,-8.669697207856972,-4.8532731966577805,-5.214337989553471,-2.690847005161866
